Country,2021,2020,2019,2018,2017,2016,2015,2014,2013,2012,2011,2010,2009,2008,2007,2006,2005,2004,2003,2002,2001,2000,1999,1998,1997,1996,1995,1994,1993,1992,1991,1990,1989,1988,1987,1986,1985,1984,1983,1982,1981,1980,1979,1978,1977,1976,1975,1974,1973,1972,1971,1970,1969,1968,1967,1966,1965,1964,1963,1962,1961,1960
Luxembourg,"$135,683","$116,356","$113,219","$117,255","$110,193","$106,899","$105,462","$123,679","$120,000","$112,585","$119,025","$110,886","$109,420","$120,422","$107,475","$90,789","$80,988","$76,545","$65,689","$53,006","$48,440","$48,660","$50,872","$47,445","$46,642","$50,444","$51,032","$43,933","$40,067","$39,571","$35,747","$33,465","$26,618","$25,219","$22,443","$18,150","$12,482","$12,127","$12,374","$12,591","$13,837","$16,531","$15,204","$13,034","$10,486","$9,491","$8,701","$8,967","$7,447","$5,487","$4,435","$4,298","$3,659","$3,175","$2,910","$2,900","$2,780","$2,756","$2,441","$2,312","$2,222","$2,242"
Bermuda,"$110,869","$107,706","$116,153","$113,051","$111,821","$106,886","$102,006","$98,468","$99,472","$98,432","$97,774","$101,875","$101,408","$106,935","$104,287","$95,222","$75,882","$70,359","$66,112","$62,583","$58,884","$56,284","$54,245","$51,372","$48,479","$44,827","$33,990","$31,476","$30,901","$28,670","$27,700","$26,842","$25,518","$24,253","$22,412","$20,451","$18,270","$17,470","$15,902","$14,166","$13,426","$11,218","$9,613","$8,877","$8,371","$7,261","$6,509","$5,854","$5,009","$4,343","$3,866","$3,387","$3,054","$2,830","$2,983","$2,631","$2,282","$2,200","$2,020","$2,020","$1,962","$1,902"
Ireland,"$99,152","$85,423","$80,887","$79,108","$69,774","$62,862","$62,012","$55,600","$51,533","$49,026","$52,177","$48,655","$52,133","$61,353","$61,396","$54,329","$50,933","$47,754","$41,204","$32,705","$28,282","$26,335","$26,338","$24,295","$22,551","$20,836","$19,158","$15,903","$14,657","$15,714","$14,087","$14,031","$11,176","$10,716","$9,582","$8,112","$6,012","$5,692","$5,915","$6,161","$5,986","$6,372","$5,430","$4,400","$3,427","$2,920","$2,973","$2,517","$2,424","$2,080","$1,704","$1,487","$1,291","$1,125","$1,152","$1,075","$1,024",$965,$852,$797,$739,$686
Switzerland,"$93,457","$87,100","$85,335","$86,388","$83,352","$83,073","$84,776","$89,685","$88,109","$86,548","$91,254","$77,117","$72,083","$74,572","$65,360","$59,301","$56,547","$54,878","$49,470","$42,579","$39,728","$38,952","$41,786","$42,740","$41,631","$48,145","$50,156","$43,128","$39,270","$40,748","$39,578","$39,608","$31,335","$32,718","$30,466","$24,480","$17,167","$17,006","$17,874","$18,015","$17,680","$19,410",,,,,,,,,,,"$3,345","$3,122","$2,961","$2,785","$2,620","$2,501","$2,294","$2,131","$1,971","$1,787"
Norway,"$89,203","$67,330","$75,720","$82,268","$75,497","$70,461","$74,356","$97,019","$102,913","$101,524","$100,601","$87,694","$79,978","$96,944","$85,140","$74,148","$66,810","$57,604","$50,135","$43,084","$38,543","$38,131","$36,371","$34,788","$36,629","$37,322","$34,876","$29,316","$27,964","$30,524","$28,597","$28,243","$24,281","$24,207","$22,506","$18,883","$15,754","$14,989","$14,928","$15,225","$15,513","$15,772","$13,047","$11,463","$10,266","$8,927","$8,204","$6,812","$5,690","$4,414","$3,736","$3,306","$2,875","$2,662","$2,514","$2,317","$2,164","$1,938","$1,776","$1,667","$1,560","$1,442"
Singapore,"$72,794","$60,729","$65,831","$66,859","$61,151","$56,860","$55,647","$57,563","$56,967","$55,546","$53,890","$47,237","$38,927","$40,007","$39,433","$33,769","$29,961","$27,609","$23,730","$22,160","$21,700","$23,852","$21,796","$21,829","$26,376","$26,234","$24,914","$21,553","$18,290","$16,136","$14,502","$11,862","$10,395","$8,914","$7,539","$6,800","$7,002","$7,228","$6,633","$6,078","$5,597","$4,928","$3,901","$3,194","$2,846","$2,759","$2,490","$2,342","$1,685","$1,264","$1,071",$926,$813,$709,$626,$567,$517,$486,$511,$472,$449,$428
United-states,"$69,288","$63,028","$65,095","$62,805","$59,915","$57,867","$56,763","$55,124","$53,291","$51,784","$50,066","$48,651","$47,195","$48,570","$48,050","$46,302","$44,123","$41,725","$39,490","$37,998","$37,134","$36,330","$34,515","$32,854","$31,459","$29,968","$28,691","$27,695","$26,387","$25,419","$24,342","$23,889","$22,857","$21,417","$20,039","$19,071","$18,237","$17,121","$15,544","$14,434","$13,976","$12,575","$11,674","$10,565","$9,453","$8,592","$7,801","$7,226","$6,726","$6,094","$5,609","$5,234","$5,032","$4,696","$4,336","$4,146","$3,828","$3,574","$3,375","$3,244","$3,067","$3,007"
Iceland,"$68,384","$59,264","$68,941","$74,470","$72,010","$61,988","$52,952","$54,577","$49,805","$45,996","$47,715","$43,237","$41,301","$56,943","$69,496","$57,493","$56,795","$47,335","$39,477","$32,409","$28,897","$32,096","$32,382","$31,030","$27,919","$27,615","$26,634","$24,019","$23,580","$27,124","$26,803","$25,385","$22,434","$24,452","$22,453","$16,406","$12,361","$11,960","$11,672","$13,712","$15,137","$14,822","$12,641","$11,237","$9,957","$7,583","$6,454","$7,041","$5,437","$4,015","$3,252","$2,576","$2,039","$2,354","$3,126","$3,216","$2,724","$2,298","$1,832","$1,562","$1,418","$1,415"
Denmark,"$67,803","$61,063","$59,776","$61,592","$57,610","$54,664","$53,255","$62,549","$61,191","$58,508","$61,754","$58,041","$58,163","$64,322","$58,487","$52,027","$48,800","$46,512","$40,459","$33,229","$30,752","$30,744","$33,441","$33,368","$32,836","$35,651","$35,351","$29,996","$27,598","$29,570","$27,011","$26,891","$21,901","$22,527","$21,341","$17,201","$12,253","$11,563","$11,858","$11,804","$12,082","$13,884","$13,752","$11,826","$9,784","$8,788","$7,999","$6,771","$6,119","$4,654","$3,846","$3,464","$3,151","$2,776","$2,701","$2,487",,,,,,
Qatar,"$61,276","$50,124","$62,088","$65,908","$59,125","$57,163","$63,039","$83,858","$85,051","$85,076","$82,410","$67,403","$59,095","$80,234","$65,421","$59,531","$51,456","$42,125","$34,518","$30,215","$28,517","$29,976","$21,724","$18,593","$21,105","$17,337","$15,850","$14,544","$14,271","$15,434","$14,124","$15,454","$14,053","$13,611","$12,902","$12,704","$16,591","$19,645","$20,910","$27,402","$34,927","$35,010","$27,455","$21,110","$19,842","$18,906","$15,293","$15,632","$5,584","$3,910","$3,247","$2,756",,,,,,,,,,
Sweden,"$60,239","$52,300","$51,939","$54,589","$53,792","$51,965","$51,545","$60,020","$61,127","$58,038","$60,756","$52,869","$46,947","$56,153","$53,700","$46,594","$43,437","$42,822","$37,322","$29,899","$27,248","$29,625","$30,941","$30,597","$30,312","$32,999","$30,283","$26,084","$24,425","$32,801","$31,823","$30,594","$25,662","$24,535","$21,793","$17,981","$13,667","$13,099","$12,608","$13,739","$15,586","$17,098","$14,877","$12,621","$11,449","$10,868","$10,117","$8,090","$7,301","$6,027","$5,133","$4,736","$4,234","$3,926","$3,721","$3,454","$3,206","$2,941","$2,657","$2,469","$2,289","$2,114"
Australia,"$59,934","$51,680","$54,875","$57,181","$53,934","$49,882","$56,707","$62,512","$68,157","$68,028","$62,574","$52,088","$42,783","$49,655","$41,001","$36,117","$34,081","$30,514","$23,492","$20,118","$19,527","$21,698","$20,559","$21,346","$23,509","$21,904","$20,358","$18,079","$17,667","$18,604","$18,856","$18,243","$17,828","$14,279","$11,645","$11,385","$11,459","$12,455","$11,538","$12,789","$11,855","$10,212","$9,297","$8,256","$7,778","$7,490","$7,006","$6,484","$4,772","$3,950","$3,496","$3,305","$2,992","$2,724","$2,580","$2,344","$2,281","$2,131","$1,967","$1,855","$1,878","$1,811"
Netherlands,"$58,061","$52,396","$52,476","$53,045","$48,675","$46,039","$45,193","$52,901","$52,199","$50,070","$54,230","$51,000","$52,722","$57,880","$51,799","$44,901","$41,995","$40,437","$35,751","$29,343","$26,897","$26,214","$28,273","$27,886","$26,701","$29,007","$29,258","$24,646","$23,122","$23,904","$21,732","$21,291","$17,398","$17,745","$16,710","$13,784","$9,926","$9,977","$10,680","$11,073","$11,520","$13,792","$12,799","$11,179","$9,167","$7,926","$7,336","$6,441","$5,346","$4,104","$3,379","$2,927","$2,643","$2,185","$1,991","$1,836","$1,708","$1,542","$1,328","$1,241","$1,159","$1,069"
Finland,"$53,983","$49,161","$48,629","$49,989","$46,412","$43,814","$42,802","$50,327","$49,892","$47,708","$51,149","$46,505","$47,481","$53,773","$48,476","$41,223","$39,055","$37,772","$32,928","$26,998","$24,968","$24,346","$26,186","$26,009","$24,692","$25,783","$26,272","$20,301","$17,609","$22,319","$25,485","$28,365","$23,973","$22,048","$18,571","$14,951","$11,398","$10,834","$10,497","$10,938","$10,927","$11,224","$9,332","$7,629","$7,069","$6,740","$6,256","$5,298","$4,173","$3,178","$2,716","$2,466","$2,178","$1,907","$2,034","$2,010","$1,882","$1,708","$1,522","$1,412","$1,327","$1,179"
Austria,"$53,268","$48,589","$50,114","$51,487","$47,429","$45,308","$44,196","$51,786","$50,731","$48,565","$51,442","$46,904","$48,153","$51,920","$46,915","$40,669","$38,417","$36,889","$32,294","$26,528","$24,559","$24,626","$27,183","$27,362","$26,705","$29,809","$30,326","$25,647","$24,082","$24,880","$22,411","$21,681","$17,469","$17,579","$16,393","$13,083","$9,172","$8,991","$9,537","$9,410","$9,385","$10,870","$9,794","$8,205","$6,811","$5,678","$5,286","$4,631","$3,891","$2,924","$2,381","$2,059","$1,825","$1,678","$1,570","$1,487","$1,375","$1,269","$1,167","$1,088","$1,032",$935
Canada,"$52,051","$43,258","$46,329","$46,549","$45,129","$42,316","$43,596","$50,956","$52,635","$52,669","$52,224","$47,562","$40,876","$46,711","$44,660","$40,504","$36,383","$32,144","$28,300","$24,255","$23,822","$24,271","$22,315","$21,025","$21,902","$21,227","$20,614","$19,935","$20,121","$20,880","$21,768","$21,448","$20,716","$18,937","$16,309","$14,461","$14,115","$13,878","$13,425","$12,482","$12,337","$11,171","$10,044","$9,124","$8,919","$8,809","$7,511","$7,033","$5,839","$5,090","$4,520","$4,122","$3,764","$3,463","$3,217","$3,047","$2,770","$2,555","$2,374","$2,269","$2,240","$2,259"
Belgium,"$51,768","$45,189","$46,599","$47,549","$44,198","$42,013","$41,008","$47,764","$46,758","$44,671","$47,411","$44,185","$44,760","$48,303","$44,319","$38,705","$36,810","$35,429","$30,655","$25,006","$23,015","$23,099","$25,253","$25,338","$24,821","$27,490","$28,414","$24,209","$22,284","$23,373","$21,042","$20,600","$16,525","$16,391","$15,136","$12,170","$8,751","$8,457","$8,846","$9,344","$10,623","$12,864","$11,811","$10,290","$8,427","$7,243","$6,701","$5,734","$4,901","$3,832","$3,083","$2,766","$2,458","$2,222","$2,087","$1,958","$1,836","$1,702","$1,535","$1,439","$1,350","$1,274"
Israel,"$51,430","$44,178","$43,951","$42,063","$40,774","$37,330","$35,808","$37,848","$36,499","$32,668","$33,776","$30,780","$27,780","$29,651","$24,953","$21,853","$20,585","$19,911","$18,991","$18,440","$20,316","$21,061","$19,129","$19,427","$19,663","$19,357","$18,143",,,,,,,,,,,,,,,,,,,,,,,,,,"$1,852","$1,648","$1,468","$1,514","$1,429","$1,376","$1,258","$1,095","$1,436","$1,229"
Germany,"$50,802","$46,253","$46,795","$47,974","$44,653","$42,136","$41,103","$48,024","$46,299","$43,856","$46,706","$41,572","$41,650","$45,613","$41,640","$36,354","$34,520","$34,107","$30,310","$25,197","$23,628","$23,695","$26,735","$27,289","$26,964","$30,486","$31,658","$27,077","$25,523","$26,438","$23,358","$22,304","$17,764","$17,931","$16,678","$13,462","$9,430","$9,313","$9,864","$9,914","$10,209","$12,138","$11,281","$9,482","$7,683","$6,635","$6,236","$5,639","$5,047","$3,810","$3,192","$2,761",,,,,,,,,,
Hong-kong,"$49,661","$46,101","$48,356","$48,538","$46,160","$43,734","$42,432","$40,315","$38,404","$36,731","$35,142","$32,550","$30,697","$31,516","$30,594","$28,224","$26,650","$24,928","$23,977","$24,666","$25,230","$25,757","$25,092","$25,809","$27,330","$24,818","$23,497","$22,503","$20,396","$17,976","$15,466","$13,486","$12,098","$10,610","$9,071","$7,435","$6,543","$6,208","$5,595","$6,134","$5,991","$5,700","$4,569","$3,924","$3,429","$2,850","$2,252","$2,145","$1,893","$1,385","$1,106",$960,$826,$714,$723,$686,$677,$630,$566,$488,$437,$429
New-zealand,"$48,802","$41,597","$42,865","$43,250","$42,925","$40,058","$38,631","$44,573","$42,977","$39,973","$38,388","$33,677","$28,209","$31,253","$32,480","$26,655","$27,751","$25,420","$21,914","$16,874","$13,883","$13,641","$15,322","$14,738","$17,474","$18,794","$17,400","$15,280","$13,094","$11,793","$12,230","$13,663","$13,312","$13,759","$12,331","$9,428","$7,601","$6,714","$7,598","$7,656","$7,814","$7,467","$6,668","$5,937","$4,951","$4,374","$4,172","$4,611","$4,323","$3,295","$2,773",,"$2,078","$1,885","$2,188","$2,191","$2,151","$2,814","$2,622","$2,449","$2,343","$2,313"
United-kingdom,"$47,334","$41,098","$43,070","$43,647","$40,858","$41,500","$45,405","$47,787","$43,714","$42,687","$42,285","$39,689","$38,952","$47,549","$50,653","$44,654","$42,132","$40,372","$34,487","$30,050","$27,806","$28,223","$28,727","$28,269","$26,743","$24,439","$23,207","$19,709","$18,389","$20,487","$19,901","$19,095","$16,239","$15,987","$13,119","$10,611","$8,652","$8,179","$8,692","$9,146","$9,599","$10,032","$7,805","$5,977","$4,681","$4,138","$4,300","$3,666","$3,426","$3,030","$2,650","$2,348","$2,101","$1,952","$2,059","$1,987","$1,874","$1,748","$1,613","$1,526","$1,472","$1,398"
Macao,"$45,422","$39,403","$86,197","$87,526","$81,019","$73,546","$74,819","$93,023","$89,261","$76,572","$66,891","$52,473","$41,010","$40,811","$36,551","$30,122","$25,183","$22,568","$17,921","$16,425","$15,665","$15,836","$15,650","$16,595","$18,108","$18,244","$18,277","$16,705","$15,304","$13,564","$10,648","$9,442","$8,130","$7,135","$6,353","$5,183","$4,805","$4,797","$4,342","$4,549",,,,,,,,,,,,,,,,,,,,,,
France,"$43,519","$39,037","$40,579","$41,593","$38,781","$37,063","$36,653","$43,069","$42,605","$40,872","$43,848","$40,678","$41,740","$45,519","$41,561","$36,474","$34,773","$33,803","$29,634","$24,293","$22,453","$22,420","$24,682","$24,974","$24,229","$26,872","$26,890","$23,497","$22,380","$23,814","$21,675","$21,794","$17,694","$17,680","$16,302","$13,540","$9,763","$9,420","$9,993","$10,497","$11,105","$12,713","$11,180","$9,265","$7,533","$6,867","$6,691","$5,328","$4,970","$3,855","$3,169","$2,857","$2,752","$2,536","$2,343","$2,186","$2,038","$1,910","$1,745","$1,578","$1,428","$1,335"
Andorra,"$43,048","$37,417","$40,898","$41,793","$38,965","$37,475","$35,771","$41,302","$39,538","$38,685","$43,334","$40,850","$43,504","$48,720","$47,805","$42,675","$40,064","$37,966","$32,273","$25,067","$22,971","$21,854","$19,262","$18,895","$18,356","$19,016","$18,458","$16,235","$16,516","$20,550","$19,534","$18,879","$15,165","$14,305","$12,615","$10,361","$7,776","$7,729","$8,025","$9,610","$10,373","$12,379","$11,818","$9,128","$7,752","$7,151","$7,169","$6,321","$5,342","$4,218","$3,497","$3,239",,,,,,,,,,
Japan,"$39,285","$39,918","$40,458","$39,727","$38,834","$39,375","$34,961","$38,475","$40,899","$49,145","$48,760","$44,968","$41,309","$39,876","$35,779","$35,992","$37,813","$38,299","$35,387","$32,821","$34,406","$39,169","$36,610","$32,424","$35,638","$39,150","$44,198","$39,934","$35,682","$31,415","$28,915","$25,371","$24,823","$25,059","$20,749","$17,113","$11,577","$10,979","$10,421","$9,576","$10,360","$9,463","$9,104","$8,821","$6,335","$5,198","$4,674","$4,354","$3,975","$2,967","$2,272","$2,056","$1,685","$1,451","$1,239","$1,069",$929,$844,$725,$640,$569,$475
Italy,"$35,551","$31,835","$33,673","$34,622","$32,407","$30,961","$30,242","$35,566","$35,560","$35,052","$38,650","$36,036","$37,227","$40,945","$37,871","$33,530","$32,055","$31,317","$27,526","$22,376","$20,501","$20,138","$22,005","$22,318","$21,829","$23,082","$20,665","$19,338","$18,739","$23,243","$21,957","$20,826","$16,387","$15,745","$14,235","$11,315","$7,991","$7,740","$7,833","$7,557","$7,623","$8,457","$6,990","$5,610","$4,604","$4,033","$4,107","$3,621","$3,205","$2,671","$2,306","$2,107","$1,813","$1,652","$1,534","$1,402","$1,304","$1,223","$1,126",$990,$887,$804
South-korea,"$34,758","$31,598","$31,902","$33,437","$31,617","$29,289","$28,732","$29,250","$27,183","$25,467","$25,096","$23,087","$19,144","$21,350","$24,086","$21,743","$19,403","$16,496","$14,673","$13,165","$11,561","$12,257","$10,672","$8,282","$12,398","$13,403","$12,565","$10,385","$8,885","$8,127","$7,637","$6,610","$5,817","$4,749","$3,555","$2,835","$2,482","$2,413","$2,199","$1,993","$1,883","$1,715","$1,784","$1,406","$1,056",$834,$617,$563,$407,$324,$301,$279,$243,$198,$161,$133,$109,$124,$146,$106,$94,$158
Malta,"$33,257","$28,946","$31,186","$31,573","$28,857","$25,625","$24,922","$26,754","$24,771","$22,528","$23,156","$21,799","$21,083","$22,205","$19,486","$16,724","$15,888","$15,197","$13,669","$11,290","$10,402","$10,432","$10,634","$10,409","$9,910","$10,063","$9,857","$8,001","$7,296","$8,220","$7,558","$7,192","$6,041","$5,814","$5,084","$4,195","$3,322","$3,333","$3,527","$3,788","$3,898","$3,948","$3,196","$2,559","$2,038","$1,727","$1,560","$1,245","$1,144",$976,$874,$828,,,,,,,,,,
Brunei,"$31,723","$27,443","$31,086","$31,628","$28,572","$27,158","$31,164","$41,726","$44,741","$47,740","$47,056","$35,271","$27,956","$37,935","$32,663","$30,980","$26,105","$21,902","$18,561","$16,850","$16,472","$18,013","$14,101","$12,694","$16,660","$16,793","$15,933","$14,121","$14,576","$15,275","$13,905","$13,608","$11,873","$11,009","$11,595","$10,214","$15,700","$17,337","$18,129","$20,694","$21,828","$25,422","$14,946","$10,715","$9,917","$8,462","$7,228","$6,923","$2,916","$1,907","$1,456","$1,383","$1,304","$1,364","$1,236","$1,238","$1,114",,,,,
Cyprus,"$30,798","$27,682","$29,206","$29,334","$26,609","$24,606","$23,408","$27,163","$27,729","$28,912","$32,396","$31,024","$32,109","$35,397","$31,245","$26,729","$24,959","$23,793","$20,252","$16,093","$14,821","$14,388","$15,288","$15,093","$14,234","$15,139","$15,261","$11,618","$10,526","$11,310","$9,696","$9,642","$8,039","$7,646","$6,691","$5,643","$4,488","$4,259","$4,091","$4,123","$4,033","$4,232","$2,559","$1,929","$1,476","$1,157",$976,,,,,,,,,,,,,,,
Spain,"$30,116","$27,056","$29,554","$30,365","$28,170","$26,523","$25,742","$29,501","$29,068","$28,323","$31,678","$30,532","$32,170","$35,511","$32,591","$28,389","$26,429","$24,907","$21,511","$17,107","$15,369","$14,750","$15,721","$15,394","$14,731","$16,109","$15,472","$13,415","$13,340","$16,112","$14,812","$13,805","$10,682","$9,703","$8,240","$6,514","$4,700","$4,490","$4,479","$5,160","$5,371","$6,209","$5,770","$4,356","$3,628","$3,279","$3,210","$2,750","$2,248","$1,709","$1,362","$1,212","$1,078",$951,$968,$890,$775,$675,$609,$520,$450,$396
Slovenia,"$29,201","$25,490","$25,943","$26,117","$23,514","$21,678","$20,890","$24,247","$23,503","$22,642","$25,128","$23,532","$24,792","$27,596","$23,818","$19,673","$18,099","$17,233","$14,849","$11,777","$10,480","$10,201","$11,453","$11,176","$10,455","$10,815","$10,730",,,,,,,,,,,,,,,,,,,,,,,,,,,,,,,,,,,
Bahamas,"$28,239","$24,665","$33,872","$33,077","$32,371","$31,315","$31,699","$30,155","$28,769","$29,486","$28,006","$28,444","$28,553","$30,627","$31,472","$30,714","$30,279","$28,396","$28,328","$28,867","$27,486","$27,098","$26,130","$23,514","$22,036","$12,709","$12,239","$11,814","$11,407","$11,687","$11,920","$12,356","$12,163","$11,388","$11,157","$10,344","$9,893","$8,878","$7,698","$7,168","$6,625","$6,341","$5,533","$4,131","$3,617","$3,329","$3,156","$3,416","$3,696","$3,322","$3,297","$3,179","$3,215","$2,804","$2,557","$2,323","$2,145","$1,994","$1,867","$1,753","$1,651","$1,550"
Estonia,"$27,281","$23,054","$23,398","$23,064","$20,438","$18,295","$17,402","$20,261","$19,056","$17,403","$17,488","$14,663","$14,712","$18,205","$16,745","$12,639","$10,413","$8,914","$7,204","$5,342","$4,506","$4,071","$4,141","$4,093","$3,683","$3,381","$3,134",,,,,,,,,,,,,,,,,,,,,,,,,,,,,,,,,,,
Czech-republic,"$26,379","$22,933","$23,660","$23,420","$20,636","$18,575","$17,830","$19,891","$20,133","$19,871","$21,871","$19,960","$19,862","$22,805","$18,467","$15,262","$13,431","$11,750","$9,819","$8,061","$6,637","$6,029","$6,337","$6,490","$6,034","$6,533","$5,824","$4,631","$3,956","$3,373","$2,897","$3,942",,,,,,,,,,,,,,,,,,,,,,,,,,,,,,
Portugal,"$24,262","$22,195","$23,331","$23,563","$21,490","$19,992","$19,250","$22,104","$21,653","$20,564","$23,217","$22,521","$23,151","$24,949","$22,811","$19,839","$18,780","$18,064","$15,798","$12,937","$11,735","$11,526","$12,475","$12,199","$11,576","$12,185","$11,781","$9,977","$9,535","$10,811","$8,959","$7,885","$6,056","$5,624","$4,804","$3,862","$2,705","$2,523","$2,735","$3,080","$3,246","$3,368","$2,756","$2,457","$2,267","$2,173","$2,128","$2,000","$1,748","$1,302","$1,065",$934,$796,$719,$647,$575,$521,$469,$433,$408,$383,$360
Turks-and-caicos-islands,"$24,047","$23,880","$31,351","$29,553","$27,545","$28,241","$26,184","$23,779","$21,715","$21,345","$21,839","$21,030","$22,020","$27,650","$25,458","$24,559","$20,533","$18,181","$16,385","$15,786","$16,625",,,,,,,,,,,,,,,,,,,,,,,,,,,,,,,,,,,,,,,,,
Saudi-arabia,"$23,586","$20,204","$23,451","$24,229","$20,802","$19,879","$20,628","$24,464","$24,845","$25,244","$23,746","$19,263","$16,113","$20,078","$16,517","$15,385","$13,791","$11,185","$9,610","$8,695","$8,685","$9,171","$8,008","$7,419","$8,552","$8,336","$7,691","$7,421","$7,486","$7,932","$7,883","$7,246","$6,086","$5,856","$5,932","$6,304","$7,920","$9,633","$11,039","$13,945","$17,872","$16,978","$12,241","$9,283","$9,039","$8,203","$6,304","$6,437","$2,227","$1,512","$1,178",$921,$801,$777,,,,,,,,
Lithuania,"$23,433","$20,232","$19,576","$19,186","$16,885","$15,008","$14,264","$16,551","$15,730","$14,368","$14,377","$11,988","$11,821","$14,945","$12,285","$9,231","$7,855","$6,700","$5,499","$4,142","$3,526","$3,293","$3,113","$3,167","$2,830","$2,327","$2,168",,,,,,,,,,,,,,,,,,,,,,,,,,,,,,,,,,,
Bahrain,"$22,232","$20,407","$23,552","$24,086","$23,743","$22,608","$22,634","$24,989","$24,744","$23,654","$22,514","$20,722","$19,356","$23,066","$20,976","$19,308","$17,959","$15,847","$14,222","$13,050","$12,868","$13,636","$10,402","$10,076","$10,672","$10,545","$10,377","$10,130","$9,698","$9,083","$9,056","$8,529","$8,031","$7,959","$7,555","$7,042","$8,707","$9,591","$9,421","$9,446","$9,269","$8,538",,,,,,,,,,,,,,,,,,,,
Slovak-republic,"$21,088","$19,267","$19,304","$19,390","$17,538","$16,512","$16,342","$18,656","$18,208","$17,430","$18,430","$16,842","$16,597","$18,754","$16,106","$13,171","$11,690","$10,691","$8,732","$6,565","$5,722","$5,427","$5,646","$5,539","$5,147","$5,197","$4,819","$3,771","$3,102","$2,921","$2,691","$2,406",,,,,,,,,,,,,,,,,,,,,,,,,,,,,,
Latvia,"$20,642","$17,704","$17,927","$17,865","$15,695","$14,332","$13,786","$15,742","$15,007","$13,847","$13,339","$11,421","$12,332","$16,467","$14,114","$9,723","$7,595","$6,379","$5,145","$4,137","$3,578","$3,362","$3,152","$2,974","$2,683","$2,432","$2,330",,,,,,,,,,,,,,,,,,,,,,,,,,,,,,,,,,,
Greece,"$20,277","$17,647","$19,134","$19,757","$18,582","$17,924","$18,084","$21,617","$21,788","$21,913","$25,484","$26,717","$29,829","$32,128","$28,864","$24,822","$22,560","$21,995","$18,518","$14,178","$12,549","$12,073","$13,250","$13,472","$13,428","$13,749","$12,959","$11,091","$10,402","$11,176","$10,188","$9,600","$7,847","$7,598","$6,565","$5,657","$4,814","$4,853","$5,020","$5,579","$5,380","$5,894","$5,706","$4,695","$3,886","$3,391","$3,153","$2,829","$2,503","$1,900","$1,652","$1,494","$1,324","$1,154","$1,068",$997,$899,$784,$695,$617,$591,$520
Hungary,"$18,773","$16,076","$16,736","$16,427","$14,624","$13,107","$12,721","$14,299","$13,720","$12,989","$14,240","$13,223","$13,082","$15,777","$13,945","$11,493","$11,226","$10,304","$8,421","$6,655","$5,276","$4,624","$4,793","$4,744","$4,596","$4,525","$4,495","$4,173","$3,874","$3,735","$3,350",,,,,,,,,,,,,,,,,,,,,,,,,,,,,,,
St-kitts-and-nevis,"$18,230","$18,441","$22,048","$20,567","$20,383","$19,542","$18,717","$18,790","$17,393","$16,564","$16,911","$15,889","$15,932","$16,142","$14,430","$13,614","$11,679","$10,943","$10,271","$10,651","$10,283","$9,566","$9,321","$8,867","$8,742","$7,863","$7,450","$7,092","$6,411","$5,951","$5,461","$5,396","$4,771","$4,250","$3,600","$3,151","$2,651","$2,337","$2,045","$2,013","$1,883","$1,585","$1,354","$1,131","$1,013",$682,$754,$711,$546,$518,$441,$363,$348,$315,$353,$299,$276,$269,$254,$246,$244,$242
Poland,"$17,841","$15,742","$15,732","$15,468","$13,865","$12,447","$12,578","$14,271","$13,696","$13,097","$13,880","$12,613","$11,526","$13,996","$11,255","$9,035","$8,022","$6,681","$5,702","$5,207","$4,991","$4,501","$4,398","$4,518","$4,123","$4,147","$3,687","$2,875","$2,497","$2,459","$2,236","$1,731",,,,,,,,,,,,,,,,,,,,,,,,,,,,,,
Croatia,"$17,399","$14,132","$15,312","$15,228","$13,629","$12,528","$11,933","$13,762","$13,838","$13,402","$14,757","$14,068","$14,653","$16,417","$14,046","$11,797","$10,622","$9,747","$8,130","$6,293","$5,413","$4,888","$5,247","$5,691","$5,312","$5,283","$4,917",,,,,,,,,,,,,,,,,,,,,,,,,,,,,,,,,,,
Barbados,"$17,034","$16,319","$18,480","$17,783","$17,404","$16,910","$16,559","$16,489","$16,452","$16,250","$16,459","$16,056","$15,886","$17,092","$16,771","$15,199","$13,823","$12,513","$11,699","$11,362","$11,209","$11,268","$10,914","$10,459","$9,316","$8,851","$8,336","$8,122","$7,820","$7,444","$7,715","$7,711","$7,717","$7,000","$6,606","$6,020","$5,500","$5,272","$4,851","$4,581","$4,399","$4,011","$2,667","$2,210","$1,989","$1,761","$1,634","$1,275",,,,,,,,,,,,,,
Uruguay,"$17,021","$15,419","$17,688","$18,704","$18,691","$16,716","$15,614","$16,832","$16,974","$15,172","$14,237","$11,992","$9,452","$9,091","$7,027","$5,888","$5,227","$4,121","$3,624","$4,091","$6,284","$6,875","$7,250","$7,714","$7,330","$6,318","$5,985","$5,459","$4,721","$4,083","$3,578","$2,990","$2,732","$2,677","$2,416","$1,940","$1,571","$1,621","$1,716","$3,107","$3,765","$3,486","$2,480","$1,707","$1,440","$1,291","$1,250","$1,448","$1,405",$776,$996,$761,$717,$574,$581,$664,$702,$741,$584,$657,$602,$489
Chile,"$16,503","$13,221","$14,699","$15,772","$14,963","$13,691","$13,495","$14,607","$15,778","$15,355","$14,578","$12,724","$10,151","$10,753","$10,439","$9,407","$7,558","$6,187","$4,827","$4,482","$4,609","$5,100","$4,986","$5,474","$5,798","$5,386","$5,107","$4,024","$3,535","$3,350","$2,804","$2,495","$2,289","$2,027","$1,760","$1,518","$1,444","$1,625","$1,709","$2,157","$2,980","$2,543","$1,937","$1,442","$1,278",$961,$720,"$1,554","$1,640","$1,173","$1,095",$933,$870,$757,$753,$773,$670,$678,$655,$639,$555,$505
Oman,"$16,439","$14,485","$17,701","$18,947","$17,329","$16,773","$18,445","$23,018","$23,889","$24,988","$23,837","$21,369","$16,824","$22,140","$15,838","$14,421","$12,377","$10,126","$9,066","$8,627","$8,476","$8,601","$6,915","$6,216","$7,040","$6,831","$6,262","$6,013","$6,029","$6,279","$5,989","$6,448","$5,383","$4,997","$4,822","$4,691","$6,677","$6,164","$5,828","$5,856","$5,947","$5,182","$3,419","$2,653","$2,803","$2,761","$2,377","$1,955",$599,$473,$402,$354,$342,$278,$162,$106,$101,,,,,
Trinidad-and-tobago,"$15,243","$15,286","$17,123","$17,139","$16,748","$16,241","$18,384","$20,291","$20,163","$19,171","$19,034","$16,683","$14,514","$21,204","$16,540","$14,103","$12,327","$10,294","$8,808","$7,053","$6,940","$6,435","$5,387","$4,790","$4,554","$4,580","$4,249","$3,959","$3,755","$4,398","$4,319","$4,150","$3,564","$3,734","$4,016","$4,051","$6,303","$6,716","$6,822","$7,268","$6,345","$5,749","$4,307","$3,381","$3,020","$2,439","$2,416","$2,049","$1,333","$1,119",$938,$869,$831,$815,$824,$787,$808,$789,$760,$704,$676,$632
Antigua-and-barbuda,"$14,901","$13,993","$17,377","$16,680","$15,384","$15,199","$14,285","$13,502","$12,911","$13,273","$12,747","$13,049","$14,161","$16,044","$15,623","$13,996","$12,558","$11,447","$10,798","$10,401","$10,367","$10,872","$10,261","$9,941","$9,492","$9,031","$8,406","$8,771","$8,136","$7,746","$7,602","$7,348","$7,077","$6,455","$5,464","$4,703","$3,899","$3,373","$2,948","$2,661","$2,393","$2,125","$1,761","$1,417","$1,247",,,,,,,,,,,,,,,,,
Romania,"$14,862","$12,957","$12,899","$12,399","$10,807","$9,549","$8,969","$10,044","$9,548","$8,507","$9,099","$8,214","$8,548","$10,435","$8,360","$5,757","$4,618","$3,495","$2,679","$2,120","$1,825","$1,660","$1,600","$1,852","$1,577","$1,633","$1,650","$1,323","$1,158","$1,102","$1,261","$1,681","$1,818","$1,770","$1,674",,,,,,,,,,,,,,,,,,,,,,,,,,,
Panama,"$14,516","$12,510","$15,774","$15,545","$15,146","$14,344","$13,630","$12,796","$11,889","$10,722","$9,358","$8,082","$7,576","$7,154","$6,166","$5,349","$4,917","$4,592","$4,267","$4,126","$4,046","$4,060","$4,083","$3,975","$3,741","$3,530","$3,495","$3,489","$3,340","$3,122","$2,804","$2,604","$2,446","$2,492","$2,945","$2,997","$2,948","$2,849","$2,792","$2,782","$2,578","$2,332","$1,918","$1,722","$1,490","$1,445","$1,395","$1,288","$1,158","$1,041",$975,$889,$827,$776,$742,$686,$648,$608,$583,$542,$513,$474
Seychelles,"$13,307","$12,194","$17,252","$16,911","$16,417","$15,740","$15,158","$15,188","$14,765","$11,998","$12,189","$10,805","$9,707","$11,123","$12,155","$12,014","$11,093","$10,177","$8,525","$8,331","$7,663","$7,579","$7,748","$7,716","$7,281","$6,583","$6,749","$6,556","$6,559","$6,128","$5,315","$5,303","$4,407","$4,128","$3,639","$3,166","$2,589","$2,338","$2,280","$2,296","$2,419","$2,329","$2,030","$1,377","$1,044",$814,$806,$745,$649,$547,$402,$344,$314,$314,$333,$338,$328,$332,$308,$287,$270,$288
China,"$12,556","$10,409","$10,144","$9,905","$8,817","$8,094","$8,016","$7,636","$7,020","$6,301","$5,614","$4,550","$3,832","$3,468","$2,694","$2,099","$1,753","$1,509","$1,289","$1,149","$1,053",$959,$873,$829,$782,$709,$610,$473,$377,$366,$333,$318,$311,$284,$252,$282,$294,$251,$225,$203,$197,$195,$184,$156,$185,$165,$178,$160,$157,$132,$119,$113,$100,$91,$97,$104,$98,$85,$74,$71,$76,$90
Costa-rica,"$12,509","$12,202","$12,762","$12,485","$12,226","$12,011","$11,643","$10,847","$10,744","$10,075","$9,230","$8,227","$6,801","$6,901","$6,104","$5,227","$4,676","$4,405","$4,148","$4,043","$3,960","$3,789","$3,669","$3,597","$3,392","$3,215","$3,266","$3,032","$2,842","$2,606","$2,247","$1,831","$1,728","$1,559","$1,571","$1,572","$1,432","$1,374","$1,214","$1,033","$1,069","$2,022","$1,735","$1,556","$1,393","$1,123",$936,$816,$767,$637,$568,$533,$475,$443,$412,$393,$372,$352,$344,$334,$355,$381
Nauru,"$12,252","$10,580","$11,030","$11,615","$10,339","$9,521","$8,341","$10,171","$9,648","$9,563","$6,560","$4,752",,,,,,,,,,,,,,,,,,,,,,,,,,,,,,,,,,,,,,,,,,,,,,,,,,
Russia,"$12,173","$10,162","$11,536","$11,287","$10,720","$8,705","$9,313","$14,096","$15,975","$15,421","$14,311","$10,675","$8,563","$11,635","$9,101","$6,920","$5,323","$4,102","$2,975","$2,378","$2,100","$1,772","$1,331","$1,835","$2,738","$2,644","$2,666","$2,662","$2,931","$3,099","$3,490","$3,493","$3,429","$3,777",,,,,,,,,,,,,,,,,,,,,,,,,,,,
Bulgaria,"$11,635","$10,079","$9,879","$9,447","$8,366","$7,569","$7,075","$7,902","$7,682","$7,432","$7,849","$6,853","$6,988","$7,266","$5,885","$4,523","$3,900","$3,390","$2,719","$2,093","$1,771","$1,621","$1,660","$1,820","$1,361","$1,470","$2,258","$1,148","$1,278","$1,212","$1,268","$2,367","$2,477","$2,511","$3,132","$2,260","$1,915","$1,964","$1,853","$2,169","$2,235","$2,239",,,,,,,,,,,,,,,,,,,,
Malaysia,"$11,371","$10,412","$11,433","$11,380","$10,259","$9,818","$9,955","$11,319","$10,970","$10,817","$10,399","$9,041","$7,292","$8,475","$7,243","$6,209","$5,587","$4,952","$4,462","$4,166","$3,913","$4,044","$3,493","$3,263","$4,638","$4,799","$4,330","$3,728","$3,433","$3,114","$2,654","$2,442","$2,216","$2,072","$1,948","$1,729","$2,000","$2,234","$2,048","$1,852","$1,769","$1,775","$1,576","$1,247","$1,027",$886,$765,$800,$661,$445,$384,$358,$347,$323,$317,$321,$310,$289,$280,$230,$226,$235
Argentina,"$10,729","$8,586","$10,076","$11,795","$14,613","$12,790","$13,789","$12,335","$13,080","$13,083","$12,849","$10,386","$8,225","$9,021","$7,245","$5,919","$5,110","$4,278","$3,350","$2,593","$7,208","$7,708","$7,775","$8,290","$8,213","$7,721","$7,409","$7,483","$6,969","$6,824","$5,735","$4,333","$2,384","$3,985","$3,563","$3,614","$2,926","$2,660","$3,553","$2,928","$2,776","$2,759","$2,521","$2,146","$2,130","$1,948","$2,027","$2,845","$2,097","$1,409","$1,372","$1,323","$1,329","$1,141","$1,063","$1,273","$1,279","$1,173",$850,"$1,156",,
Kazakhstan,"$10,041","$9,122","$9,813","$9,813","$9,248","$7,715","$10,511","$12,807","$13,891","$12,387","$11,634","$9,070","$7,165","$8,458","$6,771","$5,292","$3,771","$2,874","$2,068","$1,658","$1,491","$1,229","$1,130","$1,469","$1,446","$1,350","$1,288","$1,316","$1,429","$1,516","$1,515","$1,647",,,,,,,,,,,,,,,,,,,,,,,,,,,,,,
Grenada,"$9,929","$9,273","$10,834","$10,467","$10,153","$9,628","$9,097","$8,370","$7,790","$7,444","$7,292","$7,258","$7,291","$7,832","$7,213","$6,658","$6,646","$5,742","$5,683","$5,214","$5,041","$5,057","$4,706","$4,371","$3,861","$3,633","$3,412","$3,273","$3,154","$3,192","$3,118","$2,887","$2,758","$2,409","$2,163","$1,872","$1,678","$1,478","$1,373","$1,347","$1,276","$1,246","$1,154",$991,$792,,,,,,,,,,,,,,,,,
Mexico,"$9,926","$8,432","$9,950","$9,687","$9,288","$8,745","$9,617","$10,929","$10,725","$10,242","$10,203","$9,271","$8,003","$10,017","$9,643","$9,068","$8,278","$7,484","$7,075","$7,593","$7,545","$7,158","$6,157","$5,481","$5,289","$4,412","$3,928","$5,854","$5,650","$4,171","$3,662","$3,112","$2,688","$2,248","$1,863","$1,734","$2,569","$2,478","$2,148","$2,598","$3,803","$3,027","$2,035","$1,589","$1,301","$1,454","$1,476","$1,242",$981,$826,$739,$690,$650,$606,$566,$534,$495,$469,$409,$378,$363,$345
Turkey,"$9,587","$8,536","$9,122","$9,454","$10,590","$10,895","$11,006","$12,158","$12,615","$11,796","$11,421","$10,743","$9,103","$10,941","$9,792","$8,102","$7,456","$6,102","$4,760","$3,688","$3,143","$4,337","$4,116","$4,500","$3,144","$3,054","$2,898","$2,270","$3,180","$2,842","$2,736","$2,794","$2,022","$1,745","$1,706","$1,511","$1,368","$1,247","$1,310","$1,402","$1,579","$1,565","$2,078","$1,548","$1,428","$1,272","$1,140",$930,$684,$556,$456,$490,$572,$526,$482,$445,$386,$370,$351,$309,$284,$509
St-lucia,"$9,571","$8,805","$11,591","$11,354","$11,035","$10,362","$10,094","$9,843","$9,379","$9,086","$8,984","$8,540","$8,138","$8,457","$7,970","$7,669","$6,949","$6,592","$6,151","$5,646","$5,643","$5,950","$5,948","$5,734","$5,340","$5,300","$5,195","$4,919","$4,775","$4,755","$4,384","$4,200","$3,584","$3,221","$2,870","$2,647","$2,253","$2,023","$1,608","$1,515","$1,628","$1,446",,,,,,,,,,,,,,,,,,,,
Guyana,"$9,375","$6,956","$6,610","$6,146","$6,125","$5,811","$5,577","$5,407","$5,489","$5,379","$4,909","$4,581","$4,234","$4,051","$3,658","$3,189","$1,106","$1,056",$997,$975,$956,$954,$927,$952,$988,$927,$817,$713,$602,$499,$468,$534,$509,$551,$468,$660,$589,$565,$628,$617,$730,$773,$683,$658,$590,$603,$663,$588,$421,$395,$395,$380,$358,$335,$370,$344,$327,$305,$282,$322,$315,$298
Montenegro,"$9,367","$7,695","$8,910","$8,850","$7,803","$7,033","$6,517","$7,388","$7,189","$6,587","$7,329","$6,688","$6,727","$7,368","$5,976","$4,426","$3,675","$3,380","$2,789","$2,107","$1,910","$1,627",,,,,,,,,,,,,,,,,,,,,,,,,,,,,,,,,,,,,,,,
Serbia,"$9,215","$7,731","$7,417","$7,252","$6,293","$5,765","$5,589","$6,600","$6,755","$6,016","$6,809","$5,735","$6,169","$7,101","$5,848","$4,383","$3,720","$3,503","$3,005","$2,284","$1,727",$915,"$2,571","$2,571","$3,380","$2,864","$2,207",,,,,,,,,,,,,,,,,,,,,,,,,,,,,,,,,,,
Maldives,"$8,995","$6,924","$10,562","$10,279","$9,577","$9,209","$9,033","$8,499","$7,928","$7,266","$7,291","$7,077","$6,637","$6,614","$5,574","$4,810","$3,640","$3,941","$3,476","$3,049","$3,039","$2,235","$2,154","$2,012","$1,926","$1,738","$1,570","$1,432","$1,329","$1,206","$1,064",$964,$875,$803,$696,$723,$671,$599,$328,$282,$273,$268,,,,,,,,,,,,,,,,,,,,
Mauritius,"$8,812","$8,633","$11,097","$11,208","$10,485","$9,682","$9,260","$10,154","$9,637","$9,291","$9,197","$8,000","$7,318","$8,030","$6,575","$5,696","$5,283","$5,388","$4,794","$4,019","$3,857","$3,929","$3,696","$3,593","$3,647","$3,899","$3,600","$3,197","$2,974","$2,973","$2,669","$2,506","$2,076","$2,046","$1,815","$1,423","$1,054","$1,028","$1,088","$1,087","$1,165","$1,172","$1,275","$1,088",$894,$777,,,,,,,,,,,,,,,,
Dominican-republic,"$8,604","$7,268","$8,282","$8,051","$7,609","$7,281","$6,922","$6,609","$6,238","$6,110","$5,913","$5,555","$5,039","$5,088","$4,708","$4,109","$3,933","$2,487","$2,418","$3,110","$2,977","$2,869","$2,653","$2,638","$2,476","$2,294","$2,128","$1,906","$1,733","$1,567","$1,351",$992,$956,$783,$866,$928,$780,"$1,831","$1,487","$1,363","$1,274","$1,165",$969,$855,$848,$749,$700,$583,$480,$418,$360,$330,$281,$254,$251,$246,$229,$273,$259,$234,$192,$204
Equatorial-guinea,"$8,462","$7,198","$8,381","$10,006","$9,668","$9,250","$11,283","$19,394","$20,391","$21,711","$21,642","$17,289","$16,668","$22,943","$15,908","$12,857","$10,963","$6,152","$3,619","$2,744","$2,313","$1,726","$1,068",$664,$825,$451,$286,$210,$294,$301,$256,$267,$217,$255,$244,$207,$176,$152,$144,$156,$139,$203,,,$429,$418,$408,$354,$292,$226,$217,$218,$221,$225,$248,$244,$234,$47,$41,$35,,
Gabon,"$8,017","$6,882","$7,767","$7,959","$7,230","$6,984","$7,385","$9,663","$9,684","$9,814","$10,810","$8,849","$7,721","$10,254","$8,458","$7,221","$6,891","$5,740","$4,933","$4,141","$3,993","$4,136","$3,889","$3,832","$4,667","$5,116","$4,571","$3,964","$4,252","$5,578","$5,537","$6,269","$4,532","$4,268","$3,755","$4,004","$4,038","$4,424","$4,325","$4,736","$5,186","$5,892","$4,275","$3,453","$4,154","$4,550","$3,332","$2,433","$1,160",$704,$636,$549,$551,$520,$490,$453,$425,$411,$298,$358,$331,$282
St-vincent-and-the-grenadines,"$7,997","$7,861","$8,230","$8,024","$7,718","$7,439","$7,207","$7,081","$7,041","$6,732","$6,590","$6,655","$6,596","$6,759","$6,576","$5,925","$5,339","$5,067","$4,700","$4,512","$4,283","$3,970","$3,626","$3,466","$3,223","$3,070","$2,925","$2,679","$2,650","$2,575","$2,365","$2,236","$2,006","$1,884","$1,658","$1,529","$1,394","$1,301","$1,187","$1,113","$1,006",$819,$713,$617,$505,$339,$347,$348,$322,$298,$219,$204,$186,$173,$180,$185,$176,$173,$163,$174,$170,$161
Dominica,"$7,560","$7,004","$8,516","$7,745","$7,299","$8,081","$7,597","$7,317","$7,016","$6,849","$7,065","$6,967","$6,903","$6,469","$5,952","$5,518","$5,161","$5,217","$4,897","$4,771","$4,883","$4,788","$4,751","$4,594","$4,292","$4,121","$3,861","$3,721","$3,467","$3,318","$3,123","$2,860","$2,618","$2,403","$2,114","$1,864","$1,632","$1,478","$1,325","$1,194","$1,090",$967,$734,$769,$625,,,,,,,,,,,,,,,,,
Brazil,"$7,519","$6,815","$8,876","$9,151","$9,929","$8,710","$8,814","$12,113","$12,300","$12,370","$13,245","$11,286","$8,598","$8,831","$7,348","$5,886","$4,790","$3,637","$3,070","$2,839","$3,160","$3,750","$3,480","$5,087","$5,282","$5,166","$4,748","$3,295","$2,348","$2,128","$2,259","$2,622","$2,372","$1,802","$1,686","$1,563","$1,302","$1,423","$1,465","$2,145","$2,088","$1,967","$1,878","$1,740","$1,569","$1,395","$1,205","$1,049",$817,$585,$501,$445,$401,$375,$353,$330,$269,$259,$296,$251,$232,$236
Botswana,"$7,348","$6,349","$7,247","$7,504","$7,296","$6,983","$6,403","$7,495","$7,225","$7,051","$7,617","$6,435","$5,256","$5,714","$5,833","$5,522","$5,513","$5,074","$4,331","$3,191","$3,278","$3,522","$3,406","$3,040","$3,259","$3,222","$3,220","$2,970","$2,973","$3,041","$2,973","$2,946","$2,478","$2,204","$1,702","$1,254","$1,042","$1,203","$1,177","$1,054","$1,154","$1,182",$948,$709,$564,$483,$479,$428,$354,$247,$197,$153,$127,$111,$100,$90,$82,$76,$71,$68,$64,$60
Belarus,"$7,304","$6,555","$6,838","$6,360","$5,786","$5,040","$5,967","$8,341","$7,998","$6,953","$6,527","$6,034","$5,353","$6,377","$4,736","$3,847","$3,126","$2,379","$1,820","$1,479","$1,244","$1,276","$1,211","$1,511","$1,396","$1,453","$1,371","$1,460","$1,590","$1,668","$1,766","$2,125",,,,,,,,,,,,,,,,,,,,,,,,,,,,,,
Thailand,"$7,233","$7,159","$7,814","$7,299","$6,594","$5,993","$5,840","$5,952","$6,168","$5,861","$5,492","$5,076","$4,213","$4,380","$3,973","$3,370","$2,894","$2,660","$2,359","$2,096","$1,893","$2,008","$2,033","$1,846","$2,468","$3,044","$2,847","$2,491","$2,209","$1,928","$1,716","$1,509","$1,295","$1,123",$937,$813,$748,$818,$798,$743,$721,$683,$590,$529,$445,$392,$352,$332,$270,$209,$194,$192,$187,$175,$167,$161,$138,$126,$118,$114,$107,$101
South-africa,"$6,994","$5,656","$6,625","$7,005","$6,691","$5,757","$6,260","$6,989","$7,467","$8,222","$8,811","$8,149","$6,533","$6,351","$6,781","$6,267","$6,033","$5,409","$4,217","$2,797","$2,972","$3,375","$3,417","$3,502","$3,931","$3,864","$4,145","$3,784","$3,714","$3,800","$3,585","$3,425","$3,007","$2,962","$2,815","$2,190","$1,973","$2,665","$3,104","$2,849","$3,175","$3,131","$2,265","$1,902","$1,712","$1,593","$1,703","$1,686","$1,391","$1,053","$1,033",$961,$896,$818,$775,$715,$674,$633,$589,$546,$526,$512
Bosnia,"$6,916","$6,082","$6,120","$6,070","$5,394","$4,995","$4,730","$5,330","$5,130","$4,777","$5,093","$4,636","$4,715","$5,091","$4,193","$3,417","$2,981","$2,698","$2,259","$1,790","$1,545","$1,484","$1,252","$1,102",$983,$740,$487,$319,,,,,,,,,,,,,,,,,,,,,,,,,,,,,,,,,,
North-macedonia,"$6,721","$5,846","$6,070","$6,109","$5,450","$5,150","$4,862","$5,496","$5,241","$4,728","$5,098","$4,578","$4,585","$4,841","$4,079","$3,363","$3,073","$2,796","$2,440","$1,989","$1,823","$1,862","$1,915","$1,876","$1,960","$2,333","$2,373","$1,796","$1,352","$1,225","$2,478","$2,354",,,,,,,,,,,,,,,,,,,,,,,,,,,,,,
Peru,"$6,692","$6,117","$7,023","$6,958","$6,711","$6,205","$6,229","$6,673","$6,757","$6,529","$5,869","$5,082","$4,196","$4,221","$3,606","$3,154","$2,729","$2,417","$2,146","$2,021","$1,941","$1,956","$1,924","$2,163","$2,306","$2,232","$2,194","$1,882","$1,488","$1,566","$1,525","$1,197","$1,041",$730,"$1,001",$754,$837,$910,$918,"$1,182","$1,205","$1,033",$931,$750,$899,"$1,007","$1,094",$923,$752,$646,$599,$552,$490,$450,$501,$508,$441,$383,$326,$306,$278,$253
Albania,"$6,494","$5,332","$5,396","$5,288","$4,531","$4,124","$3,953","$4,579","$4,413","$4,248","$4,437","$4,094","$4,114","$4,371","$3,595","$2,973","$2,674","$2,374","$1,846","$1,425","$1,282","$1,127","$1,033",$814,$717,"$1,010",$751,$586,$367,$201,$337,$617,$698,$653,$675,$694,$640,$639,,,,,,,,,,,,,,,,,,,,,,,,
Colombia,"$6,131","$5,312","$6,419","$6,730","$6,377","$5,871","$6,176","$8,114","$8,218","$8,050","$7,335","$6,337","$5,193","$5,473","$4,714","$3,741","$3,414","$2,783","$2,281","$2,397","$2,440","$2,520","$2,210","$2,566","$2,827","$2,621","$2,540","$2,285","$1,894","$1,697","$1,457","$1,445","$1,218","$1,232","$1,166","$1,143","$1,165","$1,304","$1,349","$1,387","$1,323","$1,242","$1,062",$904,$774,$623,$544,$526,$448,$385,$355,$335,$308,$292,$294,$282,$308,$329,$274,$290,$274,$251
Libya,"$6,018","$7,614","$10,218","$11,482","$10,205","$7,688","$7,590","$9,018","$11,922","$14,722","$7,710","$12,163","$9,914","$14,311","$11,387","$10,208","$8,163","$5,801","$4,673","$3,703","$6,266","$7,143","$6,819","$5,244","$5,998","$5,537","$5,162","$5,893","$6,447","$7,285","$7,041","$6,514",,,,,,,,,,,,,,,,,,,,,,,,,,,,,,
Ecuador,"$5,935","$5,628","$6,223","$6,296","$6,214","$6,060","$6,124","$6,377","$6,056","$5,682","$5,201","$4,634","$4,232","$4,249","$3,568","$3,329","$3,002","$2,691","$2,426","$2,172","$1,895","$1,445","$1,579","$2,294","$2,356","$2,156","$2,133","$2,026","$1,728","$1,689","$1,622","$1,490","$1,390","$1,338","$1,464","$1,648","$1,892","$1,912","$1,989","$2,370","$2,661","$2,238","$1,821","$1,572","$1,493","$1,265","$1,105",$970,$588,$496,$441,$472,$528,$451,$459,$450,$455,$441,$369,$316,$375,$455
Paraguay,"$5,400","$4,968","$5,384","$5,783","$5,679","$5,325","$5,414","$6,118","$5,937","$5,185","$5,326","$4,342","$3,627","$4,048","$2,977","$2,271","$1,844","$1,679","$1,365","$1,301","$1,565","$1,664","$1,694","$1,813","$1,994","$2,003","$1,897","$1,687","$1,591","$1,610","$1,611","$1,376","$1,157","$1,063","$1,020",$984,$893,"$1,261","$1,636","$1,609","$1,718","$1,398","$1,104",$850,$713,$594,$541,$490,$374,$296,$262,$240,$231,$220,$215,$209,$204,,,,,
Azerbaijan,"$5,384","$4,230","$4,806","$4,740","$4,147","$3,881","$5,500","$7,891","$7,876","$7,496","$7,190","$5,844","$4,950","$5,575","$3,851","$2,473","$1,578","$1,045",$884,$763,$704,$655,$574,$562,$506,$409,$315,$157,$209,$60,"$1,209","$1,235",,,,,,,,,,,,,,,,,,,,,,,,,,,,,,
Moldova,"$5,315","$4,526","$4,492","$4,231","$3,510","$2,880","$2,732","$3,329","$3,322","$3,046","$2,942","$2,438","$1,899","$2,111","$1,532","$1,183","$1,035",$897,$683,$571,$508,$441,$400,$579,$657,$575,$594,,,,,,,,,,,,,,,,,,,,,,,,,,,,,,,,,,,
Tuvalu,"$5,291","$4,669","$4,652","$4,156","$3,979","$3,706","$3,317","$3,532","$3,560","$3,662","$3,689","$3,051","$2,696","$3,090","$2,784","$2,382","$2,292","$2,310","$2,001","$1,756","$1,473","$1,605","$1,465","$1,367","$1,362","$1,324","$1,186","$1,176","$1,048","$1,069","$1,039",$990,,,,,,,,,,,,,,,,,,,,,,,,,,,,,,
Fiji,"$5,086","$5,103","$6,176","$6,317","$6,101","$5,651","$5,391","$5,606","$4,841","$4,592","$4,371","$3,653","$3,363","$4,168","$4,040","$3,716","$3,628","$3,311","$2,819","$2,249","$2,030","$2,069","$2,402","$2,066","$2,637","$2,714","$2,541","$2,385","$2,167","$2,058","$1,882","$1,835","$1,632","$1,535","$1,632","$1,795","$1,603","$1,682","$1,638","$1,787","$1,898","$1,893","$1,641","$1,361","$1,203","$1,182","$1,187",$988,$769,$583,$466,$422,$357,$335,$333,$316,$317,$311,$297,$291,$287,$285
Iraq,"$5,048","$4,584","$5,943","$5,916","$4,985","$4,551","$4,688","$6,638","$7,077","$6,836","$6,045","$4,657","$3,854","$4,637","$3,183","$2,373","$1,856","$1,392",$855,"$1,321","$1,494","$2,058","$1,617",$932,$969,$502,$640,$204,$54,$30,$23,"$10,357","$3,874","$3,773","$3,492","$2,971","$3,113","$3,090","$2,748","$2,937","$2,693","$3,850","$2,852","$1,848","$1,592","$1,471","$1,152","$1,018",$469,$388,$377,$331,$314,$313,,,,$288,$251,$255,$245,$231
Georgia,"$5,042","$4,256","$4,696","$4,722","$4,357","$4,062","$4,014","$4,739","$4,624","$4,422","$4,022","$3,233","$2,823","$3,325","$2,635","$1,996","$1,643","$1,305","$1,010",$854,$802,$750,$674,$852,$807,$689,$578,$520,$550,$757,"$1,315","$1,615",,,,,,,,,,,,,,,,,,,,,,,,,,,,,,
Guatemala,"$5,026","$4,603","$4,639","$4,478","$4,454","$4,173","$3,995","$3,780","$3,523","$3,355","$3,228","$2,853","$2,652","$2,802","$2,491","$2,251","$2,069","$1,859","$1,738","$1,683","$1,550","$1,664","$1,620","$1,756","$1,649","$1,488","$1,425","$1,293","$1,164","$1,094","$1,012",$845,$955,$915,$850,$892,"$1,233","$1,235","$1,213","$1,200","$1,217","$1,143","$1,027",$925,$855,$696,$595,$527,$439,$367,$355,$349,$322,$311,$288,$283,$279,$280,$280,$261,$253,$253
Kosovo,"$4,987","$4,311","$4,416","$4,384","$4,009","$3,760","$3,521","$3,903","$3,705","$3,411","$3,541","$3,010","$2,848","$2,965",,,,,,,,,,,,,,,,,,,,,,,,,,,,,,,,,,,,,,,,,,,,,,,,
Suriname,"$4,836","$4,917","$6,854","$6,938","$6,296","$5,873","$9,168","$9,472","$9,402","$9,201","$8,263","$8,256","$7,408","$6,832","$5,745","$5,198","$3,591","$3,006","$2,611","$2,268","$1,751","$2,012","$1,904","$2,416","$2,040","$1,922","$1,565","$1,392","$1,002",$962,"$1,085",$959,"$1,366","$2,986","$2,572","$2,382","$2,368","$2,369","$2,439","$2,535","$2,468","$2,211","$2,181","$2,054","$1,794","$1,412","$1,296","$1,133",$930,$848,$815,$747,$714,$677,$635,$563,$469,$420,$404,$382,$364,$346
Ukraine,"$4,836","$3,752","$3,661","$3,097","$2,638","$2,188","$2,125","$3,105","$4,188","$4,005","$3,705","$3,078","$2,639","$4,067","$3,198","$2,391","$1,894","$1,417","$1,088",$912,$808,$658,$636,$835,$991,$873,$936,"$1,012","$1,257","$1,418","$1,487","$1,569","$1,598","$1,450","$1,249",,,,,,,,,,,,,,,,,,,,,,,,,,,
Namibia,"$4,729","$4,157","$5,028","$5,588","$5,367","$4,547","$4,897","$5,470","$5,392","$5,942","$5,807","$5,395","$4,295","$4,212","$4,405","$4,059","$3,740","$3,464","$2,622","$1,809","$1,951","$2,186","$2,193","$2,237","$2,447","$2,398","$2,444","$2,303","$2,091","$2,261","$2,030","$1,947","$1,829","$1,867","$1,787","$1,459","$1,342","$1,679","$2,030","$1,917","$2,081","$2,290",,,,,,,,,,,,,,,,,,,,
Armenia,"$4,670","$4,266","$4,605","$4,221","$3,915","$3,592","$3,607","$3,986","$3,838","$3,682","$3,526","$3,218","$2,994","$4,011","$3,139","$2,158","$1,644","$1,192",$930,$783,$694,$623,$597,$609,$523,$504,$456,$401,$357,$370,$591,$638,,,,,,,,,,,,,,,,,,,,,,,,,,,,,,
Jamaica,"$4,587","$4,665","$5,369","$5,360","$5,070","$4,844","$4,908","$4,834","$4,990","$5,210","$5,111","$4,704","$4,335","$4,928","$4,624","$4,331","$4,104","$3,734","$3,481","$3,609","$3,438","$3,392","$3,376","$3,368","$3,251","$2,890","$2,596","$2,173","$2,190","$1,437","$1,683","$1,898","$1,833","$1,602","$1,384","$1,168",$899,"$1,029","$1,593","$1,474","$1,356","$1,239","$1,137","$1,256","$1,562","$1,443","$1,410","$1,189",$969,$969,$809,$749,$644,$594,$637,$616,$553,$519,$485,$464,$453,$429
Mongolia,"$4,535","$4,061","$4,405","$4,157","$3,687","$3,658","$3,875","$4,159","$4,366","$4,352","$3,758","$2,643","$1,714","$2,137","$1,633","$1,334",$999,$798,$646,$572,$524,$474,$445,$477,$506,$581,$632,$406,$340,$587,"$1,073","$1,172","$1,671","$1,533","$1,486","$1,465","$1,138","$1,122","$1,495","$1,436","$1,333",,,,,,,,,,,,,,,,,,,,,
Belize,"$4,420","$3,988","$4,983","$4,927","$4,910","$4,878","$4,805","$4,744","$4,576","$4,531","$4,442","$4,304","$4,197","$4,408","$4,291","$4,157","$3,916","$3,825","$3,677","$3,553","$3,417","$3,364","$3,066","$2,993","$2,954","$3,003","$2,998","$2,882","$2,835","$2,669","$2,327","$2,197","$2,012","$1,788","$1,612","$1,366","$1,289","$1,337","$1,233","$1,203","$1,329","$1,373","$1,074",$981,$859,$717,$886,$786,$606,$520,$474,$436,$397,$387,$420,$406,$378,$351,$337,$327,$316,$305
El-salvador,"$4,409","$3,799","$4,168","$4,053","$3,910","$3,806","$3,706","$3,589","$3,510","$3,428","$3,266","$2,983","$2,858","$2,933","$2,786","$2,632","$2,429","$2,278","$2,209","$2,124","$2,072","$2,002","$1,931","$1,886","$1,779","$1,685","$1,585","$1,381","$1,217","$1,073",$983,$914,$841,$816,$781,$754,$770,$752,$730,$718,$737,$778,$768,$707,$678,$548,$453,$410,$364,$327,$315,$308,$293,$290,$288,$282,$274,,,,,
Jordan,"$4,406","$4,283","$4,405","$4,308","$4,232","$4,175","$4,164","$4,131","$4,044","$3,910","$3,853","$3,737","$3,560","$3,456","$2,735","$2,513","$2,183","$2,045","$1,876","$1,802","$1,720","$1,652","$1,620","$1,600","$1,495","$1,464","$1,466","$1,414","$1,334","$1,335","$1,155","$1,167","$1,242","$1,928","$2,157","$2,123","$1,722","$1,784","$1,842","$1,826","$1,779","$1,644","$1,421","$1,163",$962,$805,$660,$596,$484,$419,$375,$372,$432,$374,$458,$519,$511,,,,,
Indonesia,"$4,292","$3,871","$4,135","$3,894","$3,838","$3,563","$3,332","$3,492","$3,624","$3,694","$3,643","$3,122","$2,261","$2,167","$1,860","$1,590","$1,263","$1,150","$1,066",$900,$748,$780,$671,$464,"$1,064","$1,137","$1,026",$912,$828,$682,$632,$585,$530,$482,$442,$475,$517,$525,$513,$584,$567,$492,$357,$366,$334,$278,$233,$202,$131,$91,$79,$80,$75,$65,$54,,,,,,,
Eswatini,"$4,215","$3,435","$3,890","$4,107","$3,914","$3,426","$3,680","$4,039","$4,230","$4,528","$4,497","$4,168","$3,386","$3,137","$3,327","$3,177","$3,084","$2,699","$2,149","$1,405","$1,522","$1,729","$1,557","$1,609","$1,782","$1,695","$1,833","$1,564","$1,529","$1,482","$1,368","$1,355",$873,$894,$780,$621,$515,$732,$852,$854,$938,$922,$725,$620,$571,$529,$577,$545,$472,$321,$307,$260,$252,$196,$189,$200,$188,$178,$152,$131,$125,$104
Marshall-islands,"$4,171","$4,130","$4,073","$3,794","$3,673","$3,491","$3,200","$3,185","$3,247","$3,182","$3,046","$2,846","$2,662","$2,704","$2,647","$2,538","$2,471","$2,431","$2,458","$2,516","$2,389","$2,273","$2,268","$2,230","$2,194","$2,194","$2,383","$2,152","$1,996","$1,849","$1,705","$1,660","$1,589","$1,603","$1,494","$1,392","$1,145","$1,235","$1,197","$1,048",$973,,,,,,,,,,,,,,,,,,,,,
Samoa,"$3,939","$4,068","$4,323","$4,188","$4,259","$4,110","$4,074","$3,937","$4,038","$4,022","$3,933","$3,566","$3,403","$3,499","$3,151","$2,764","$2,653","$2,283","$1,879","$1,597","$1,518","$1,484","$1,471","$1,559","$1,659","$1,460","$1,322","$1,311",$797,$799,$766,$773,$759,$824,$694,$629,$597,$686,$706,$770,,,,,,,,,,,,,,,,,,,,,,
Tunisia,"$3,924","$3,597","$3,572","$3,691","$3,688","$3,924","$4,095","$4,544","$4,445","$4,362","$4,480","$4,345","$4,128","$4,308","$3,776","$3,370","$3,193","$3,111","$2,760","$2,344","$2,253","$2,212","$2,387","$2,293","$2,208","$2,114","$1,976","$1,743","$1,661","$1,799","$1,551","$1,491","$1,253","$1,281","$1,259","$1,200","$1,147","$1,157","$1,204","$1,207","$1,287","$1,372","$1,157",$985,$863,$779,$765,$641,$505,$423,$326,$284,$260,$251,$229,$224,$218,,,,,
Egypt,"$3,876","$3,569","$3,019","$2,537","$2,444","$3,520","$3,563","$3,380","$3,263","$3,230","$2,792","$2,646","$2,331","$2,045","$1,667","$1,397","$1,186","$1,062","$1,102","$1,191","$1,378","$1,450","$1,344","$1,281","$1,209","$1,063",$965,$849,$778,$713,$651,$766,$726,$655,$778,$815,$793,$708,$663,$607,$499,$500,$426,$359,$357,$338,$302,$245,$274,$258,$244,$233,$194,$180,$175,$169,$163,,,,,
Sri-lanka,"$3,815","$3,694","$3,848","$4,059","$4,077","$3,886","$3,844","$3,819","$3,610","$3,351","$3,201","$2,800","$2,090","$2,037","$1,630","$1,436","$1,249","$1,066",$982,$867,$833,$870,$839,$851,$817,$757,$714,$648,$577,$547,$513,$464,$408,$413,$401,$390,$370,$379,$329,$308,$289,$268,$228,$188,$288,$256,$276,$265,$217,$196,$186,$184,$161,$151,$160,$154,$153,$121,$117,$139,$143,$143
Algeria,"$3,765","$3,307","$3,990","$4,142","$4,110","$3,946","$4,178","$5,493","$5,500","$5,592","$5,456","$4,481","$3,883","$4,924","$3,951","$3,479","$3,113","$2,610","$2,103","$1,782","$1,741","$1,765","$1,588","$1,596","$1,620","$1,604","$1,452","$1,508","$1,807","$1,776","$1,732","$2,409","$2,216","$2,417","$2,808","$2,757","$2,583","$2,467","$2,313","$2,210","$2,237","$2,203","$1,783","$1,456","$1,193","$1,038",$937,$818,$554,$443,$341,$336,$303,$282,$254,$236,$250,$238,$227,$172,$215,$246
Vietnam,"$3,694","$3,526","$3,425","$3,231","$2,974","$2,746","$2,582","$2,545","$2,355","$2,178","$1,942","$1,673","$1,217","$1,149",$906,$784,$687,$547,$481,$430,$405,$390,$363,$348,$348,$324,$277,$221,$182,$139,$138,$95,$95,$390,$575,$423,$231,,,,,,,,,,,,,,,,,,,,,,,,,
West-bank-and-gaza,"$3,664","$3,234","$3,657","$3,562","$3,620","$3,528","$3,272","$3,352","$3,315","$3,067","$2,881","$2,557","$2,192","$2,035","$1,664","$1,570","$1,544","$1,422","$1,258","$1,156","$1,336","$1,476","$1,499","$1,465","$1,389","$1,317","$1,327","$1,202",,,,,,,,,,,,,,,,,,,,,,,,,,,,,,,,,,
Philippines,"$3,549","$3,301","$3,485","$3,252","$3,123","$3,074","$3,001","$2,960","$2,871","$2,694","$2,451","$2,217","$1,904","$1,998","$1,745","$1,452","$1,244","$1,121","$1,048","$1,036",$991,"$1,073","$1,122",$998,"$1,289","$1,326","$1,213","$1,073",$932,$929,$816,$816,$804,$734,$660,$610,$644,$676,$734,$844,$832,$778,$677,$575,$511,$457,$409,$389,$292,$239,$227,$211,$275,$255,$235,$226,$211,$199,$190,$176,$301,$286
Morocco,"$3,497","$3,059","$3,235","$3,227","$3,035","$2,897","$2,875","$3,172","$3,122","$2,913","$3,047","$2,840","$2,867","$2,890","$2,499","$2,196","$2,018","$1,953","$1,725","$1,416","$1,339","$1,335","$1,448","$1,472","$1,397","$1,561","$1,432","$1,327","$1,199","$1,299","$1,267","$1,206","$1,071","$1,066",$921,$840,$661,$668,$750,$836,$862,"$1,079",$810,$690,$590,$524,$503,$439,$365,$303,$265,$246,$232,$213,$203,$196,$206,$201,$197,$181,$159,$165
Micronesia,"$3,477","$3,543","$3,624","$3,568","$3,290","$3,015","$2,907","$2,972","$2,995","$3,131","$3,009","$2,885","$2,722","$2,541","$2,459","$2,406","$2,358","$2,253","$2,296","$2,266","$2,248","$2,172","$2,043","$2,023","$1,905","$2,018","$2,060","$1,910","$1,910","$1,757","$1,683","$1,528","$1,437","$1,356","$1,297","$1,277",,,"$1,321",,,,,,,,,,,,,,,,,,,,,,,
Cabo-verde,"$3,446","$3,064","$3,604","$3,616","$3,293","$3,131","$3,043","$3,589","$3,616","$3,447","$3,740","$3,378","$3,517","$3,721","$3,187","$2,361","$2,099","$2,024","$1,809","$1,402","$1,292","$1,259","$1,409","$1,265","$1,214","$1,269","$1,261","$1,080","$1,340","$1,004",$924,$908,$808,$811,$733,$602,$442,$431,$461,$478,$483,$501,,,,,,,,,,,,,,,,,,,,
Bolivia,"$3,415","$3,138","$3,552","$3,549","$3,351","$3,077","$3,036","$3,082","$2,908","$2,610","$2,346","$1,955","$1,754","$1,715","$1,373","$1,219","$1,034",$967,$908,$904,$949,$998,"$1,003","$1,049",$999,$951,$881,$801,$784,$788,$762,$709,$702,$699,$675,$628,$870,"$1,019",$914,$962,"$1,034",$813,$809,$703,$617,$534,$481,$429,$264,$269,$239,$227,$212,$200,$180,$162,$150,$136,$123,$117,$109,$102
Djibouti,"$3,364","$3,220","$3,173","$3,038","$2,926","$2,804","$2,653","$2,464","$2,313","$1,559","$1,452","$1,343","$1,267","$1,224","$1,053",$968,$905,$863,$819,$791,$781,$768,$766,$756,$761,$768,$790,$790,$754,$777,$762,$766,$726,$748,$761,,$801,,,,,,,,,,,,,,,,,,,,,,,,,
Vanuatu,"$3,127","$2,920","$3,123","$3,125","$3,083","$2,806","$2,696","$2,927","$2,955","$2,997","$3,174","$2,839","$2,574","$2,629","$2,353","$2,050","$1,887","$1,788","$1,581","$1,354","$1,363","$1,471","$1,479","$1,474","$1,559","$1,522","$1,483","$1,424","$1,255","$1,347","$1,336","$1,152","$1,079","$1,137","$1,025",$951,"$1,014","$1,137",$945,$943,$960,"$1,048","$1,060",,,,,,,,,,,,,,,,,,,
Papua-new-guinea,"$2,916","$2,757","$2,820","$2,801","$2,695","$2,510","$2,679","$2,921","$2,730","$2,791","$2,407","$1,949","$1,626","$1,673","$1,402","$1,257",$749,$618,$568,$492,$516,$602,$608,$679,$906,$970,$894,"$1,086","$1,005",$905,$801,$698,$787,$831,$732,$633,$594,$642,$662,$629,$681,$713,$659,$575,$497,$470,$432,$479,$435,$294,$252,$232,$203,$183,$170,$154,$138,$125,$116,$112,$107,$102
Honduras,"$2,831","$2,406","$2,574","$2,510","$2,454","$2,343","$2,302","$2,206","$2,103","$2,144","$2,088","$1,904","$1,790","$1,739","$1,583","$1,430","$1,308","$1,218","$1,158","$1,134","$1,133","$1,093","$1,003","$1,023",$949,$888,$937,$837,$913,$943,$912,$993,"$1,128","$1,262","$1,363","$1,287","$1,233","$1,183","$1,110","$1,091","$1,066","$1,079",$994,$896,$498,$415,$356,$338,$307,$279,$261,$266,$253,$253,$241,$228,$217,$200,$185,$180,$170,$165
Lebanon,"$2,670","$3,802","$7,527","$8,004","$7,776","$7,618","$7,643","$7,682","$7,928","$7,949","$7,675","$7,762","$7,355","$6,111","$5,208","$4,627","$4,575","$4,631","$4,576","$4,579","$4,422","$4,492","$4,640","$4,670","$4,306","$3,792","$3,321","$2,820","$2,447","$1,900","$1,605","$1,013",$997,"$1,234",,,,,,,,,,,,,,,,,,,,,,,,,,,,
Lao-pdr,"$2,551","$2,609","$2,614","$2,569","$2,455","$2,324","$2,140","$2,000","$1,832","$1,582","$1,378","$1,141",$949,$901,$710,$591,$476,$418,$363,$320,$327,$325,$278,$249,$346,$378,$364,$326,$287,$251,$235,$203,$173,$149,$278,$468,$642,$490,,,,,,,,,,,,,,,,,,,,,,,,
Bangladesh,"$2,503","$2,270","$2,154","$1,991","$1,840","$1,679","$1,248","$1,119",$982,$883,$862,$781,$702,$635,$558,$510,$499,$475,$446,$413,$415,$418,$410,$407,$401,$395,$329,$300,$301,$294,$293,$306,$286,$271,$254,$234,$245,$214,$204,$221,$248,$228,$201,$176,$131,$141,$278,$182,$120,$94,$134,$140,$135,$123,$123,$113,$107,$100,$102,$100,$98,$89
Sao-tome-and-principe,"$2,449","$2,158","$1,988","$1,954","$1,814","$1,700","$1,585","$1,770","$1,565","$1,331","$1,255","$1,090","$1,068","$1,099",$897,$883,$867,$745,$679,$578,$525,,,,,,,,,,,,,,,,,,,,,,,,,,,,,,,,,,,,,,,,,
Ghana,"$2,445","$2,254","$2,247","$2,261","$2,074","$1,972","$1,774","$2,012","$2,361","$1,588","$1,549","$1,299","$1,078","$1,217","$1,081",$913,$493,$418,$368,$305,$269,$258,$410,$408,$385,$397,$380,$329,$370,$410,$434,$399,$366,$373,$374,$435,$352,$356,$337,$346,$372,$402,$372,$346,$307,$271,$281,$297,$260,$229,$269,$254,$230,$200,$215,$268,$265,$230,$211,$195,$190,$183
Solomon-islands,"$2,337","$2,251","$2,344","$2,412","$2,333","$2,225","$2,167","$2,275","$2,249","$2,142","$1,939","$1,604","$1,429","$1,389","$1,260","$1,120","$1,015",$867,$789,$796,$966,"$1,017","$1,215","$1,171","$1,386","$1,382","$1,307","$1,153",$886,$815,$709,$689,$570,$598,$541,$529,$611,$691,$712,$783,$813,$793,$679,$516,$448,$414,$386,$454,$308,$235,$301,,$185,$187,$173,,,,,,,
India,"$2,277","$1,933","$2,072","$1,998","$1,981","$1,733","$1,606","$1,574","$1,450","$1,444","$1,458","$1,358","$1,102",$999,"$1,028",$807,$715,$628,$547,$471,$452,$443,$442,$413,$415,$400,$374,$346,$301,$317,$303,$368,$346,$354,$340,$310,$296,$277,$291,$274,$270,$267,$224,$206,$186,$161,$158,$163,$144,$123,$119,$112,$108,$100,$96,$90,$119,$116,$101,$90,$85,$82
Republic-of-congo,"$2,214","$1,900","$2,370","$2,607","$2,171","$2,052","$2,449","$3,782","$3,885","$3,923","$3,562","$3,077","$2,346","$2,904","$2,266","$2,155","$1,836","$1,327","$1,028",$917,$869,"$1,032",$775,$660,$810,$912,$782,$672,"$1,049","$1,178","$1,125","$1,188","$1,042",$992,"$1,058",$875,"$1,052","$1,098","$1,081","$1,146","$1,089",$959,$694,$524,$470,$477,$499,$392,$374,$292,$236,$207,$206,$200,$195,$186,$172,$165,$157,$156,$145,$129
Angola,"$2,138","$1,631","$2,178","$2,525","$2,313","$1,728","$3,128","$5,094","$5,128","$4,978","$4,518","$3,498","$3,123","$4,081","$3,122","$2,600","$1,902","$1,256",$983,$872,$527,$557,$388,$424,$514,$523,$397,$329,$441,$656,$866,$948,$891,$792,$756,$685,$758,$638,$623,$620,$642,$711,,,,,,,,,,,,,,,,,,,,
Nicaragua,"$2,091","$1,900","$1,924","$2,015","$2,159","$2,108","$2,050","$1,934","$1,812","$1,760","$1,656","$1,504","$1,444","$1,499","$1,328","$1,227","$1,162","$1,080","$1,006","$1,001","$1,035","$1,007",$973,$944,$909,$909,$890,$847,$394,$411,$349,$242,$248,$659,$985,$755,$719,$852,$773,$713,$729,$670,$482,$696,$750,$638,$567,$559,$414,$344,$333,$323,$320,$307,$299,$285,$274,$170,$151,$141,$131,$126
Nigeria,"$2,085","$2,097","$2,230","$2,028","$1,969","$2,176","$2,687","$3,099","$2,962","$2,724","$2,488","$2,280","$1,912","$2,259","$1,883","$1,656","$1,268","$1,008",$795,$742,$590,$568,$498,$469,$480,$462,$408,$321,$270,$477,$503,$568,$474,$549,$598,$639,$883,$902,"$1,223","$1,844","$2,180",$874,$662,$527,$536,$557,$438,$403,$252,$209,$160,$224,$121,$97,$99,$124,$117,$113,$108,$104,$97,$93
Kenya,"$2,007","$1,872","$1,909","$1,794","$1,633","$1,525","$1,465","$1,462","$1,355","$1,272","$1,085","$1,080","$1,035",$902,$826,$686,$512,$452,$430,$390,$395,$397,$415,$466,$446,$421,$326,$265,$220,$324,$332,$361,$361,$377,$373,$351,$309,$323,$324,$363,$402,$443,$395,$349,$307,$246,$240,$227,$199,$173,$152,$142,$134,$128,$121,$118,$105,$108,$104,$100,$95,$97
Uzbekistan,"$1,983","$1,750","$1,784","$1,597","$1,917","$2,705","$2,754","$2,628","$2,420","$2,268","$2,051","$1,742","$1,213","$1,082",$830,$654,$547,$465,$396,$383,$457,$558,$702,$623,$623,$601,$586,$576,$597,$603,$653,$651,,,,,,,,,,,,,,,,,,,,,,,,,,,,,,
Haiti,"$1,815","$1,272","$1,313","$1,479","$1,369","$1,290","$1,387","$1,435","$1,433","$1,337","$1,288","$1,192","$1,184","$1,087","$1,003",$805,$781,$667,$542,$692,$736,$805,$499,$456,$416,$369,$363,$285,$252,$308,$484,$440,$397,$387,$309,$358,$317,$293,$268,$249,$256,$245,$196,$180,$179,$169,$134,$113,$95,$77,$76,$71,$85,$82,$83,$85,$83,$78,$72,$70,$69,$71
Zimbabwe,"$1,737","$1,215","$1,317","$1,255","$1,235","$1,465","$1,445","$1,435","$1,430","$1,305","$1,094",$948,$772,$357,$432,$448,$477,$483,$478,$531,$568,$563,$580,$545,$732,$741,$623,$612,$592,$619,$809,$842,$816,$793,$708,$676,$635,$742,$941,"$1,073","$1,044",$901,$723,$628,$650,$664,$695,$654,$563,$472,$398,$356,$342,$299,$292,$277,$293,$282,$277,$277,$281,$279
Mauritania,"$1,723","$1,702","$1,743","$1,670","$1,588","$1,537","$1,524","$1,677","$1,892","$1,815","$1,880","$1,611","$1,389","$1,580","$1,357","$1,260",$971,$804,$718,$640,$646,$677,$775,$814,$851,$899,$904,$862,$840,"$1,010","$1,022",$741,$732,$733,$715,$649,$567,$621,$693,$679,$697,$680,$636,$554,$566,$566,$529,$475,$393,$322,$284,$270,$265,$288,$270,$262,$259,$235,$181,$182,$182,
Cameroon,"$1,662","$1,537","$1,533","$1,585","$1,469","$1,413","$1,383","$1,604","$1,528","$1,404","$1,465","$1,352","$1,411","$1,440","$1,278","$1,147","$1,100","$1,091",$951,$759,$688,$681,$765,$767,$752,$794,$799,$673,"$1,258",$966,$975,"$1,045",$964,"$1,105","$1,216","$1,141",$848,$749,$727,$721,$744,$774,$708,$574,$430,$378,$383,$298,$270,$218,$185,$177,$173,$169,$155,$144,$141,$138,$130,$129,$124,$119
Senegal,"$1,606","$1,463","$1,436","$1,458","$1,362","$1,270","$1,219","$1,397","$1,373","$1,318","$1,367","$1,272","$1,309","$1,404","$1,197","$1,028",$993,$932,$832,$681,$648,$614,$689,$696,$662,$736,$728,$595,$896,$972,$935,$982,$872,$906,$944,$808,$590,$555,$586,$679,$714,$808,$751,$618,$567,$567,$574,$438,$400,$358,$305,$305,$301,$326,$320,$329,$329,$332,$322,$321,$321,$313
Cambodia,"$1,591","$1,548","$1,643","$1,512","$1,385","$1,270","$1,163","$1,093","$1,013",$951,$882,$786,$738,$746,$632,$540,$474,$409,$362,$339,$321,$301,$296,$269,$305,$319,$323,$271,$254,,,,,,,,,,,,,,,,,,,$78,$94,$69,$136,$103,$142,$157,$144,$139,$134,$124,$118,$109,$109,$111
Pakistan,"$1,538","$1,360","$1,482","$1,678","$1,632","$1,540","$1,357","$1,251","$1,209","$1,198","$1,165",$987,$958,$991,$908,$837,$749,$688,$599,$534,$544,$576,$454,$461,$476,$497,$490,$434,$442,$429,$412,$372,$384,$379,$339,$335,$338,$349,$333,$368,$348,$303,$261,$243,$213,$191,$168,$137,$101,$153,$179,$172,$153,$146,$139,$126,$116,$105,$96,$91,$89,$83
Comoros,"$1,495","$1,407","$1,404","$1,428","$1,324","$1,273","$1,243","$1,514","$1,505","$1,403","$1,448","$1,316","$1,345","$1,393","$1,240","$1,115","$1,069","$1,061",$938,$748,$681,$647,$723,$718,$726,$811,$838,$690,"$1,008","$1,048","$1,001","$1,044",$854,$919,$896,$763,$554,$535,$570,$563,$618,$689,,,,,,,,,,,,,,,,,,,,
Timor-leste,"$1,458","$1,443","$1,584","$1,249","$1,299","$1,354","$1,333","$1,232","$1,210","$1,024",$936,$806,$677,$614,$524,$446,$465,$454,$518,$509,$530,$415,,,,,,,,,,,,,,,,,,,,,,,,,,,,,,,,,,,,,,,,
Benin,"$1,428","$1,291","$1,220","$1,242","$1,137","$1,087","$1,077","$1,291","$1,251","$1,145","$1,130","$1,037","$1,089","$1,125",$966,$856,$823,$799,$711,$575,$518,$513,$552,$379,$361,$387,$367,$280,$412,$318,$386,$394,$312,$347,$345,$303,$244,$253,$271,$323,$338,$378,$328,$264,$218,$209,$207,$174,$162,$135,$113,$115,$116,$117,$112,$113,$110,$104,$100,$94,$96,$93
Kyrgyz-republic,"$1,276","$1,183","$1,374","$1,308","$1,243","$1,121","$1,121","$1,280","$1,282","$1,178","$1,124",$880,$871,$966,$722,$543,$477,$433,$381,$322,$308,$280,$258,$345,$376,$395,$364,$372,$449,$513,$576,$609,,,,,,,,,,,,,,,,,,,,,,,,,,,,,,
Nepal,"$1,223","$1,147","$1,195","$1,179","$1,048",$900,$902,$845,$823,$804,$798,$592,$478,$470,$391,$347,$316,$286,$252,$245,$247,$229,$214,$211,$218,$205,$204,$193,$179,$171,$202,$192,$191,$193,$168,$165,$155,$157,$152,$152,$148,$130,$126,$112,$99,$106,$117,$93,$76,$81,$72,$72,$67,$67,$74,$81,$67,$46,$47,$55,$52,$50
Myanmar,"$1,187","$1,451","$1,271","$1,250","$1,151","$1,137","$1,197","$1,210","$1,168","$1,134","$1,061",$747,$586,$461,$314,$241,$216,$193,$161,$128,$132,$147,$122,$101,$125,$130,$111,$88,$66,$52,$51,$49,$41,$35,$37,$41,$35,$36,$39,$36,$30,$30,$27,$28,$31,$37,$37,$33,$23,$22,$20,$21,$21,$20,$13,$13,$17,$20,$28,$27,$26,
Guinea,"$1,174","$1,079","$1,053",$955,$856,$732,$769,$787,$769,$717,$651,$672,$674,$715,$660,$453,$322,$407,$394,$344,$336,$363,$430,$456,$494,$518,$508,$478,$475,$489,$461,$420,$394,$399,$352,$354,,,,,,,,,,,,,,,,,,,,,,,,,,
Lesotho,"$1,166","$1,051","$1,153","$1,192","$1,103","$1,019","$1,146","$1,195","$1,167","$1,230","$1,287","$1,120",$875,$889,$847,$905,$843,$753,$574,$382,$406,$436,$452,$465,$507,$489,$528,$472,$459,$466,$404,$350,$297,$288,$252,$204,$176,$224,$266,$246,$315,$322,$223,$211,$157,$124,$129,$133,$110,$75,$73,$67,$66,$62,$62,$60,$60,$57,$53,$48,$42,$41
Tanzania,"$1,136","$1,076","$1,086","$1,043","$1,005",$967,$948,"$1,030",$970,$868,$781,$743,$695,$687,$553,$485,$493,$459,$431,$412,$407,$411,$400,$396,$253,$220,$182,$161,$157,$176,$196,$174,$186,$222,,,,,,,,,,,,,,,,,,,,,,,,,,,,
Zambia,"$1,121",$985,"$1,305","$1,516","$1,535","$1,281","$1,338","$1,762","$1,878","$1,763","$1,673","$1,489","$1,160","$1,394","$1,124","$1,048",$703,$539,$435,$382,$383,$346,$336,$359,$448,$385,$419,$412,$378,$376,$410,$409,$511,$489,$308,$233,$330,$409,$496,$638,$640,$654,$588,$514,$470,$537,$530,$653,$491,$428,$391,$437,$486,$410,$360,$343,$303,$242,$214,$213,$220,$232
Togo,$992,$915,$893,$902,$831,$803,$571,$641,$621,$572,$587,$534,$541,$546,$450,$408,$407,$413,$397,$328,$293,$303,$330,$343,$334,$337,$310,$238,$306,$429,$415,$431,$368,$385,$360,$315,$234,$229,$253,$282,$342,$418,$337,$320,$309,$251,$256,$238,$176,$149,$131,$120,$132,$124,$125,$122,$110,$100,$88,$82,$79,$77
Ethiopia,$944,$936,$856,$772,$769,$717,$641,$567,$500,$467,$354,$342,$381,$326,$244,$195,$162,$136,$119,$112,$121,$124,$120,$125,$142,$145,$134,$126,$166,$204,$271,$254,$248,$244,$243,$235,$233,$206,$225,$208,$204,,,,,,,,,,,,,,,,,,,,,
Burkina-faso,$918,$858,$796,$805,$735,$688,$653,$793,$787,$758,$751,$648,$624,$643,$535,$473,$458,$418,$375,$295,$267,$256,$300,$256,$229,$249,$236,$193,$335,$361,$346,$352,$305,$313,$291,$257,$201,$194,$218,$245,$254,$283,$262,$226,$177,$156,$153,$124,$114,$99,$84,$82,$87,$85,$84,$83,$82,$80,$78,$77,$72,$68
Mali,$918,$862,$879,$895,$830,$781,$751,$848,$805,$779,$838,$710,$702,$697,$597,$523,$489,$441,$393,$336,$308,$271,$323,$282,$267,$283,$282,$223,$310,$320,$315,$317,$263,$265,$259,$233,$178,$160,$172,$181,$213,$248,$229,$179,$156,$142,$128,$85,$90,$79,$65,$60,$58,$59,$48,,,,,,,
Tajikistan,$897,$853,$891,$853,$849,$807,$978,"$1,104","$1,048",$969,$847,$750,$676,$716,$527,$409,$341,$312,$238,$190,$171,$138,$178,$219,$155,$178,$214,$267,$294,$392,$250,$498,,,,,,,,,,,,,,,,,,,,,,,,,,,,,,
Uganda,$858,$822,$799,$771,$747,$737,$847,$884,$810,$790,$833,$823,$800,$475,$404,$349,$334,$296,$254,$246,$239,$262,$261,$295,$290,$287,$282,$202,$168,$154,$185,$248,$315,$402,$402,$260,$242,$257,$164,$165,$104,$100,$177,$207,$258,$222,$220,$201,$167,$150,$147,$134,$128,$117,$113,$112,$111,$76,$69,$62,$63,$63
Gambia,$836,$757,$773,$733,$680,$691,$661,$607,$701,$743,$763,$861,$833,$925,$780,$662,$666,$643,$336,$412,$505,$594,$638,$679,$669,$729,$696,$682,$712,$695,$695,$332,$310,$305,$265,$235,$299,$244,$305,$319,$333,$378,$336,$288,$239,$201,$213,$183,$148,$120,$117,$113,$100,$94,$109,$106,,,,,,
Rwanda,$834,$786,$820,$784,$772,$745,$751,$743,$723,$725,$669,$610,$580,$544,$439,$367,$332,$274,$250,$233,$239,$261,$287,$286,$288,$230,$222,$127,$315,$303,$270,$350,$330,$338,$318,$302,$279,$269,$260,$256,$264,$243,$223,$188,$160,$142,$131,$73,$71,$62,$58,$59,$52,$49,$47,$37,$46,$41,$41,$41,$41,$41
Guinea-bissau,$813,$728,$749,$803,$739,$661,$603,$623,$635,$616,$704,$558,$559,$600,$494,$430,$436,$405,$372,$333,$320,$309,$191,$179,$237,$243,$233,$221,$227,$222,$258,$250,$223,$176,$190,$146,$165,$163,$197,$204,$195,$142,$153,$159,$149,$146,$142,$130,$120,$120,$109,$112,,,,,,,,,,
Sudan,$764,$615,$755,$774,"$3,178","$2,583","$2,185","$2,023","$1,781","$1,746","$1,947","$1,683","$1,359","$1,551","$1,461","$1,144",$914,$712,$587,$512,$457,$366,$328,$355,$379,$301,$473,$450,$320,$261,"$1,668","$1,312",$857,$590,$510,$437,$361,$480,$391,$408,$509,$471,$492,$432,$507,$420,$348,$295,$237,$197,$187,$177,$160,$150,$148,$141,$141,$139,$139,$141,$133,$126
Chad,$696,$652,$710,$726,$666,$693,$776,"$1,020",$980,$967,$985,$893,$804,$929,$800,$710,$659,$454,$293,$221,$197,$166,$191,$225,$206,$222,$206,$174,$223,$296,$305,$292,$248,$265,$215,$204,$203,$185,$172,$177,$190,$229,$227,$257,$220,$208,$211,$163,$166,$153,$135,$129,$132,$130,$131,$128,$126,$121,$117,$115,$109,$104
Yemen,$691,$632,$751,$758,$964,"$1,153","$1,602","$1,674","$1,607","$1,447","$1,375","$1,335","$1,116","$1,229","$1,017",$921,$833,$710,$620,$580,$550,$554,$452,$384,$428,$374,$286,$291,$394,$499,$482,$482,,,,,,,,,,,,,,,,,,,,,,,,,,,,,,
Liberia,$673,$601,$672,$710,$721,$741,$722,$740,$748,$675,$597,$513,$471,$478,$397,$336,$295,$286,$243,$306,$307,$307,,,,,,,,,,,,,,,,,,,,,,,,,,,,,,,,,,,,,,,,
Malawi,$643,$636,$592,$545,$506,$316,$381,$371,$348,$392,$535,$479,$438,$388,$332,$308,$290,$283,$267,$298,$150,$156,$164,$166,$259,$228,$142,$121,$213,$186,$230,$200,$175,$160,$145,$154,$156,$173,$182,$180,$193,$198,$174,$161,$141,$121,$114,$105,$87,$82,$76,$62,$58,$55,$62,$61,$55,$48,$49,$48,$47,$45
Niger,$595,$568,$554,$571,$518,$500,$484,$565,$553,$530,$513,$477,$464,$479,$390,$336,$322,$286,$268,$228,$208,$198,$232,$251,$225,$245,$243,$211,$345,$395,$396,$438,$280,$302,$305,$267,$208,$217,$276,$318,$352,$419,$362,$314,$235,$200,$202,$204,$193,$156,$150,$144,$143,$150,$161,$174,$172,$153,$159,$148,$139,$133
Democratic-republic-of-congo,$584,$544,$597,$566,$467,$471,$497,$487,$458,$425,$387,$334,$299,$328,$286,$255,$218,$194,$174,$175,$154,$405,$103,$139,$139,$135,$136,$145,$276,$220,$268,$270,$270,$273,$243,$264,$241,$270,$388,$493,$464,$546,$587,$616,$509,$410,$447,$431,$363,$292,$272,$244,$259,$207,$184,$254,$233,$170,$377,$236,$197,$220
Sierra-leone,$516,$509,$522,$534,$497,$501,$588,$715,$717,$566,$448,$402,$391,$408,$360,$323,$292,$267,$266,$252,$229,$139,$150,$153,$196,$218,$202,$212,$178,$156,$179,$150,$219,$254,$174,$125,$225,$293,$275,$366,$322,$325,$335,$296,$218,$192,$224,$218,$197,$163,$150,$158,$152,$125,$134,$147,$143,$151,$144,$143,$139,$139
Madagascar,$515,$478,$526,$518,$515,$476,$467,$531,$541,$518,$531,$472,$468,$536,$439,$339,$320,$284,$369,$319,$334,$294,$280,$297,$297,$355,$285,$270,$321,$302,$273,$339,$282,$291,$302,$420,$378,$399,$493,$518,$531,$597,$409,$324,$295,$281,$302,$261,$231,$193,$177,$169,$165,$165,$157,$152,$144,$143,$138,$138,$134,$132
Central-african-republic,$511,$482,$468,$476,$451,$402,$377,$424,$380,$566,$552,$488,$477,$466,$405,$355,$331,$321,$294,$262,$251,$252,$281,$278,$276,$305,$346,$272,$420,$477,$479,$513,$449,$470,$454,$432,$340,$257,$274,$320,$307,$362,$327,$292,$249,$226,$193,$146,$143,$123,$109,$104,$106,$110,$96,$94,$92,$88,$82,$80,$81,$75
Mozambique,$500,$449,$507,$503,$461,$429,$590,$674,$664,$658,$595,$472,$520,$564,$482,$435,$417,$383,$326,$303,$296,$319,$347,$313,$284,$242,$187,$187,$190,$191,$273,,,,,,,,,,,,,,,,,,,,,,,,,,,,,,,
Somalia,$446,$438,$419,$390,$384,$390,$386,$374,$350,,,,,,,,,,,,,,,,,,,,,,,$127,$153,$148,$147,$138,$132,$119,$111,$117,$107,$96,$100,$105,$104,$189,$183,$129,$144,$120,$95,$94,$90,$87,$84,$82,$79,$76,$74,$71,$68,$65
Burundi,$237,$234,$224,$238,$251,$252,$306,$275,$257,$252,$250,$234,$212,$198,$172,$167,$152,$128,$114,$123,$134,$136,$129,$144,$159,$143,$167,$157,$162,$190,$210,$208,$210,$209,$225,$246,$242,$214,$241,$231,$227,$221,$193,$155,$142,$119,$114,$95,$84,$69,$72,$70,$56,$55,$55,$52,$51,$86,$79,$73,$71,$70
Iran,,"$2,757","$3,514","$4,046","$6,032","$5,756","$5,201","$5,943","$6,443","$8,526","$8,389","$6,600","$5,710","$5,717","$4,905","$3,774","$3,246","$2,756","$2,254","$1,912","$1,909","$1,670","$1,757","$1,724","$1,804","$1,933","$1,569","$1,186","$1,067",,,"$2,214","$2,198","$2,318","$2,618","$4,245","$3,806","$3,569","$3,583","$3,008","$2,500","$2,441","$2,427","$2,169","$2,316","$2,017","$1,582","$1,454",$876,$570,$469,$385,$351,$319,$287,$265,$248,$221,$208,$203,$197,$192
Uae,,"$36,285","$42,701","$43,839","$40,645","$38,142","$38,663","$43,752","$42,413","$40,976","$39,195","$33,893","$32,024","$44,499","$41,809","$41,907","$39,365","$36,333","$33,499","$31,568","$31,281","$33,291","$28,471","$26,900","$29,513","$28,975","$27,222","$25,848","$25,597","$26,421","$26,612","$27,729","$24,028","$22,295","$23,726","$23,468","$29,721","$32,310","$34,843","$40,026","$44,988","$42,765","$33,513","$28,457","$33,823","$30,118","$26,848",,,,,,,,,,,,,,,
Kiribati,,"$1,515","$1,513","$1,694","$1,649","$1,586","$1,535","$1,626","$1,711","$1,783","$1,725","$1,509","$1,312","$1,428","$1,374","$1,168","$1,215","$1,131","$1,016",$827,$735,$797,$832,$801,$842,$843,$725,$715,$620,$638,$645,$550,$580,$622,$500,$490,$502,$657,$613,$666,$688,$653,$729,$785,$683,$735,$999,"$1,576",$592,$359,$294,$280,,,,,,,,,,
Puerto-rico,,"$31,430","$32,851","$31,605","$31,109","$30,627","$29,763","$28,981","$28,513","$27,945","$27,279","$26,436","$25,769","$24,898","$23,665","$22,936","$21,959","$20,989","$19,557","$18,731","$18,123","$16,192","$15,221","$14,304","$12,818","$12,173","$11,579","$10,876","$10,212","$9,659","$9,064","$8,653","$8,033","$7,595","$6,980","$6,455","$6,008","$5,730","$5,218","$5,115","$4,921","$4,503","$4,025","$3,568","$3,209","$2,946","$2,738","$2,615","$2,432","$2,246","$2,044","$1,852","$1,662","$1,481","$1,335","$1,208","$1,111","$1,006",$932,$855,$777,$718
Bhutan,,"$3,001","$3,323","$3,243","$3,287","$2,931","$2,753","$2,652","$2,473","$2,539","$2,563","$2,258","$1,819","$1,828","$1,757","$1,331","$1,228","$1,068",$962,$846,$764,$718,$691,$644,$638,$560,$543,$487,$424,$449,$450,$542,$507,$534,$491,$399,$352,$355,$356,$330,$333,$316,,,,,,,,,,,,,,,,,,,,
American-samoa,,"$12,845","$11,715","$11,522","$11,004","$12,038","$12,060","$11,525","$11,451","$11,497","$10,223","$10,217","$11,910","$9,741","$8,875","$8,341","$8,395","$8,528","$8,807","$8,667",,,,,,,,,,,,,,,,,,,,,,,,,,,,,,,,,,,,,,,,,,
Kuwait,,"$24,812","$32,373","$33,399","$29,759","$27,653","$29,870","$44,062","$49,388","$51,979","$48,632","$38,577","$37,562","$55,495","$45,782","$42,782","$35,591","$27,012","$22,148","$17,846","$16,587","$18,440","$15,435","$14,166","$17,749","$19,358","$16,932",,,,"$5,420","$8,795","$11,617","$10,169","$11,535","$9,771","$12,357","$13,133","$13,234","$14,312","$17,409","$20,924","$19,093","$12,663","$12,254","$12,093","$11,768","$13,522","$5,972","$5,225","$4,859","$3,861","$4,020","$4,208","$4,231","$4,571","$4,443",,,,,
Turkmenistan,,,"$7,612","$6,967","$6,587","$6,388","$6,433","$7,962","$7,304","$6,675","$5,650","$4,439","$4,036","$3,904","$2,600","$2,136","$1,704","$1,454","$1,284",$968,$774,$643,$549,$590,$563,$555,$590,$622,$793,$821,$847,$865,$839,$862,$686,,,,,,,,,,,,,,,,,,,,,,,,,,,
Faroe-islands,,"$66,321","$67,154","$65,573","$61,455","$58,225","$53,310","$60,484","$55,892","$50,465","$52,267","$48,579","$48,012","$52,035","$48,785","$42,154","$36,756","$35,887","$31,625","$27,022","$24,724","$22,857","$24,372","$24,166",,,,,,,,,,,,,,,,,,,,,,,,,,,,,,,,,,,,,,
Aruba,,"$23,384","$31,136","$30,254","$29,348","$28,454","$28,399","$26,895","$26,442","$25,497","$25,850","$24,134","$25,171","$28,048","$26,452","$24,495","$23,591","$22,834","$21,070","$20,654","$20,418","$20,615","$19,357","$19,081","$17,927","$16,583","$16,442","$16,242","$14,942","$14,048","$13,495","$12,305","$11,396","$9,770","$7,887","$6,474",,,,,,,,,,,,,,,,,,,,,,,,,,
New-caledonia,,"$34,695","$34,789","$36,382","$33,977","$32,391","$32,520","$39,676","$38,503","$37,294","$40,698","$37,495","$35,391","$37,354","$36,865","$29,604","$26,862","$25,771","$21,817","$16,886","$15,174","$16,039","$17,436","$17,324","$16,340","$18,257","$18,721","$16,037","$15,297","$16,262","$15,133","$14,801","$13,092","$12,666","$9,272","$7,635","$5,535","$5,249","$5,540","$6,209","$6,818","$8,443","$7,561","$6,153","$6,159","$5,958","$6,163","$4,866","$4,220","$4,038","$3,450","$3,204","$2,530","$2,166","$1,866","$1,756","$1,763",,,,,
French-polynesia,,"$20,183","$21,512","$22,095","$21,127","$20,020","$19,500",,,,,,,,,,,,,,,"$14,351","$16,069","$16,301","$15,722","$17,788","$18,262","$16,444","$16,123","$17,170","$16,039","$15,914","$13,470","$14,052","$13,630","$12,660","$8,514","$8,006","$7,978","$7,908","$8,103","$8,886","$8,169","$6,970","$5,670","$5,402","$5,260","$4,376","$3,516","$2,756","$2,595","$2,299","$2,274","$2,512","$2,210","$2,230","$1,889",,,,,
Tonga,,"$4,625","$4,903","$4,741","$4,513","$4,158","$4,336","$4,354","$4,428","$4,582","$4,003","$3,528","$3,007","$3,332","$2,910","$2,873","$2,594","$2,302","$2,031","$1,846","$1,839","$2,091","$2,044","$1,974","$2,225","$2,307","$2,176","$2,047","$1,449","$1,437","$1,388","$1,195","$1,121","$1,128",$866,$725,$640,$685,$649,$663,$666,$573,$484,$455,$378,$337,$368,,,,,,,,,,,,,,,
Afghanistan,,$517,$494,$486,$517,$512,$556,$614,$624,$639,$591,$543,$437,$365,$360,$264,$242,$211,$191,$179,,,,,,,,,,,,,,,,,,,,,$264,$273,$276,$247,$224,$197,$187,$174,$143,$135,$160,$157,$129,$129,$161,$138,$101,$82,$79,$58,$60,$60
Cuba,,"$9,478","$9,126","$8,824","$8,541","$8,061","$7,694","$7,133","$6,838","$6,497","$6,140","$5,306","$5,120","$5,010","$4,823","$4,337","$3,787","$3,396","$3,197","$2,999","$2,838","$2,747","$2,559","$2,331","$2,308","$2,287","$2,795","$2,625","$2,073","$2,057","$2,278","$2,703","$2,573","$2,641","$2,451","$2,379","$2,270","$2,396","$2,225","$2,108","$2,036","$2,022","$2,000","$1,835","$1,473","$1,443","$1,379","$1,224","$1,088",$901,$780,$653,,,,,,,,,,
Isle-of-man,,,"$86,482","$89,113","$83,478","$82,197","$85,127","$92,335","$83,357","$79,148","$77,349","$69,767","$65,029","$70,986","$54,196","$42,108","$37,767","$35,495","$29,522","$24,864","$21,351","$20,323","$20,625","$18,450","$15,991","$14,036","$12,682",,,,,,,,,,,,,,,,,,,,,,,,,,,,,,,,,,,
Sint-maarten-dutch-part,,,,"$28,988","$29,369","$31,617","$32,275","$33,044","$27,943","$28,460","$27,997",,,,,,,,,,,,,,,,,,,,,,,,,,,,,,,,,,,,,,,,,,,,,,,,,,,
Curacao,,"$16,110","$19,024","$18,956","$18,789","$18,882","$19,260","$19,553","$19,763","$19,887","$19,446",,,,,,,,,,,,,,,,,,,,,,,,,,,,,,,,,,,,,,,,,,,,,,,,,,,
Greenland,,"$54,570","$53,256","$54,545","$50,767","$48,182","$44,536","$50,485","$47,536","$45,937","$47,187","$43,988","$44,919","$44,367","$39,781","$35,458","$32,490","$32,023","$27,460","$20,653","$19,275","$19,004","$20,170","$20,497","$19,145","$21,422","$21,666","$18,124","$16,797","$18,769","$18,315","$18,327","$16,814","$16,398","$14,554","$11,271","$7,761","$7,199","$7,988","$7,814","$8,544","$9,483","$8,481","$7,236","$5,714","$4,845","$4,258","$3,433","$2,860","$2,197","$1,877","$1,498",,,,,,,,,,
San-marino,,"$45,516","$47,727","$48,997","$45,399","$43,828","$42,663","$50,817","$51,571","$49,988","$57,298","$60,255","$66,703","$78,644","$72,698","$64,261","$60,901","$59,559","$51,270","$41,465","$38,731","$36,604","$40,864",,,,,,,,,,,,,,,,,,,,,,,,,,,,,,,,,,,,,,,
Monaco,,"$173,688","$189,487","$185,979","$167,517","$170,029","$165,990","$189,432","$177,674","$157,520","$169,016","$150,738","$154,775","$185,786","$169,966","$134,049","$124,197","$123,523","$108,657","$90,507","$83,724","$82,365","$91,283","$92,999","$90,833","$101,212","$101,867","$89,378","$85,397","$91,671","$83,722","$84,304","$68,584","$68,441","$63,078","$52,159","$37,552","$36,383","$38,893","$41,372","$44,370","$51,515","$45,845","$38,349","$31,430","$28,811","$28,248","$22,713","$21,418","$16,735","$13,813","$12,478",,,,,,,,,,
Cayman-islands,,"$85,347","$91,513","$86,181","$81,513","$78,472","$76,284","$74,990","$73,515","$72,777","$72,330","$73,352","$77,400","$85,188","$85,433","$82,802",,,,,,,,,,,,,,,,,,,,,,,,,,,,,,,,,,,,,,,,,,,,,,
Palau,,"$14,244","$15,232","$15,895","$16,020","$16,836","$15,876","$13,712","$12,561","$12,044","$11,095","$10,357","$10,253","$10,599","$10,381","$9,843","$9,627","$8,317","$7,771","$8,308","$8,092","$7,658",,,,,,,,,,,,,,,,,,,,,,,,,,,,,,,,,,,,,,,,
Syrian-arab-republic,,,,"$1,266",$956,$713,$979,"$1,180","$1,152","$2,159","$3,492","$11,821","$10,590","$10,554","$9,057","$8,070","$7,309","$6,331","$5,495","$5,301","$5,175","$4,911","$4,557","$4,514","$4,377","$4,171","$3,546","$3,232","$2,717","$2,510","$2,166","$1,921","$1,540","$1,414","$2,864","$2,314","$1,991","$1,865","$1,879","$1,827","$1,811","$1,463","$1,151",$990,$854,$823,$739,$583,$366,$355,$319,$280,$293,$263,$251,$238,$247,$258,$238,$228,$200,$188
Northern-mariana-islands,,,"$20,660","$22,887","$27,585","$21,891","$16,314","$15,045","$14,091","$13,737","$13,497","$14,804","$14,670","$17,191","$16,988","$17,715","$18,763","$21,139","$21,379","$21,982",,,,,,,,,,,,,,,,,,,,,,,,,,,,,,,,,,,,,,,,,,
Guam,,"$34,624","$38,041","$36,557","$36,602","$36,214","$35,829","$34,843","$33,656","$32,908","$31,210","$31,040","$30,321","$29,289","$27,681","$26,713","$26,596","$24,473","$22,628","$21,594",,,,,,,,,,,,,,,,,,,,,,,,,,,,,,,,,,,,,,,,,,
Liechtenstein,,,"$169,049","$176,499","$171,254","$165,642","$167,313","$178,865","$173,030","$149,010","$158,130","$141,193","$126,097","$143,264","$130,656","$114,374","$105,399","$100,289","$89,860","$79,346","$74,287","$74,854","$81,307","$76,757","$72,209","$79,863","$78,632","$64,051","$55,794","$55,198","$50,886","$49,374","$39,369","$41,292","$37,824","$28,287","$19,390","$18,596","$19,561","$19,677","$19,507","$20,660","$19,761","$17,499","$12,412","$11,386","$10,513","$8,440","$7,355","$5,638","$4,827","$4,236",,,,,,,,,,
Virgin-islands-us,,"$39,552","$38,596","$36,654","$35,365","$35,325","$34,007","$33,045","$34,598","$37,795","$38,997","$39,905","$38,753","$39,152","$44,159","$41,377","$40,829","$35,006","$31,731","$30,062",,,,,,,,,,,,,,,,,,,,,,,,,,,,,,,,,,,,,,,,,,
